"Station Name","CALGARY INT'L CS"
"Province","ALBERTA"
"Latitude","51.11"
"Longitude","-114.00"
"Elevation","1081.90"
"Climate Identifier","3031094"
"WMO Identifier","71393"
"TC Identifier","PCI"
"All times are specified in Local Standard Time (LST). Add 1 hour to adjust for Daylight Saving Time where and when it is observed."

"Legend"
"E","Estimated"
"M","Missing"
"NA","Not Available"
"‡","Partner data that is not subject to review by the National Climate Archives"

"Date/Time","Year","Month","Day","Time","Data Quality","Temp (°C)","Temp Flag","Dew Point Temp (°C)","Dew Point Temp Flag","Rel Hum (%)","Rel Hum Flag","Wind Dir (10s deg)","Wind Dir Flag","Wind Spd (km/h)","Wind Spd Flag","Visibility (km)","Visibility Flag","Stn Press (kPa)","Stn Press Flag","Hmdx","Hmdx Flag","Wind Chill","Wind Chill Flag","Weather"
"2010-06-01 00:00","2010","06","01","00:00"," ","3.6","","0.1","","78","","","M","","M","","","89.03","","","","","","NA"
"2010-06-01 01:00","2010","06","01","01:00"," ","3.9","","0.9","","81","","","M","","M","","","89.01","","","","","","NA"
"2010-06-01 02:00","2010","06","01","02:00"," ","3.1","","0.8","","85","","","M","","M","","","88.97","","","","","","NA"
"2010-06-01 03:00","2010","06","01","03:00"," ","3.0","","1.4","","89","","","M","","M","","","88.93","","","","","","NA"
"2010-06-01 04:00","2010","06","01","04:00"," ","2.1","","0.7","","90","","","M","","M","","","88.92","","","","","","NA"
"2010-06-01 05:00","2010","06","01","05:00"," ","1.4","","0.3","","92","","","M","","M","","","88.90","","","","","","NA"
"2010-06-01 06:00","2010","06","01","06:00"," ","4.9","","2.8","","86","","","M","","M","","","88.90","","","","","","NA"
"2010-06-01 07:00","2010","06","01","07:00"," ","6.5","","3.0","","78","","","M","","M","","","88.89","","","","","","NA"
"2010-06-01 08:00","2010","06","01","08:00"," ","7.6","","3.6","","76","","","M","","M","","","88.87","","","","","","NA"
"2010-06-01 09:00","2010","06","01","09:00"," ","9.3","","3.7","","68","","","M","","M","","","88.85","","","","","","NA"
"2010-06-01 10:00","2010","06","01","10:00"," ","10.0","","3.0","","62","","","M","","M","","","88.82","","","","","","NA"
"2010-06-01 11:00","2010","06","01","11:00"," ","10.2","","3.8","","64","","","M","","M","","","88.80","","","","","","NA"
"2010-06-01 12:00","2010","06","01","12:00"," ","10.8","","4.5","","65","","","M","","M","","","88.79","","","","","","NA"
"2010-06-01 13:00","2010","06","01","13:00"," ","10.6","","4.2","","65","","","M","","M","","","88.78","","","","","","NA"
"2010-06-01 14:00","2010","06","01","14:00"," ","11.5","","5.2","","65","","","M","","M","","","88.76","","","","","","NA"
"2010-06-01 15:00","2010","06","01","15:00"," ","11.0","","4.8","","66","","","M","","M","","","88.73","","","","","","NA"
"2010-06-01 16:00","2010","06","01","16:00"," ","11.3","","5.4","","67","","","M","","M","","","88.71","","","","","","NA"
"2010-06-01 17:00","2010","06","01","17:00"," ","12.8","","6.2","","64","","","M","","M","","","88.65","","","","","","NA"
"2010-06-01 18:00","2010","06","01","18:00"," ","11.7","","6.1","","68","","","M","","M","","","88.62","","","","","","NA"
"2010-06-01 19:00","2010","06","01","19:00"," ","12.1","","5.9","","66","","","M","","M","","","88.56","","","","","","NA"
"2010-06-01 20:00","2010","06","01","20:00"," ","11.0","","6.2","","72","","","M","","M","","","88.57","","","","","","NA"
"2010-06-01 21:00","2010","06","01","21:00"," ","9.2","","6.2","","81","","","M","","M","","","88.56","","","","","","NA"
"2010-06-01 22:00","2010","06","01","22:00"," ","9.3","","6.2","","81","","","M","","M","","","88.56","","","","","","NA"
"2010-06-01 23:00","2010","06","01","23:00"," ","7.7","","5.6","","87","","","M","","M","","","88.53","","","","","","NA"
"2010-06-02 00:00","2010","06","02","00:00"," ","8.4","","5.5","","82","","","M","","M","","","88.51","","","","","","NA"
"2010-06-02 01:00","2010","06","02","01:00"," ","6.4","","4.5","","88","","","M","","M","","","88.46","","","","","","NA"
"2010-06-02 02:00","2010","06","02","02:00"," ","6.1","","4.5","","89","","","M","","M","","","88.42","","","","","","NA"
"2010-06-02 03:00","2010","06","02","03:00"," ","5.3","","3.8","","90","","","M","","M","","","88.39","","","","","","NA"
"2010-06-02 04:00","2010","06","02","04:00"," ","6.3","","5.8","","97","","","M","","M","","","88.34","","","","","","NA"
"2010-06-02 05:00","2010","06","02","05:00"," ","6.4","","5.9","","97","","","M","","M","","","88.32","","","","","","NA"
"2010-06-02 06:00","2010","06","02","06:00"," ","6.5","","6.0","","97","","","M","","M","","","88.31","","","","","","NA"
"2010-06-02 07:00","2010","06","02","07:00"," ","8.5","","6.3","","86","","","M","","M","","","88.29","","","","","","NA"
"2010-06-02 08:00","2010","06","02","08:00"," ","11.5","","6.5","","71","","","M","","M","","","88.24","","","","","","NA"
"2010-06-02 09:00","2010","06","02","09:00"," ","14.2","","5.6","","56","","","M","","M","","","88.21","","","","","","NA"
"2010-06-02 10:00","2010","06","02","10:00"," ","16.2","","3.6","","43","","","M","","M","","","88.12","","","","","","NA"
"2010-06-02 11:00","2010","06","02","11:00"," ","16.5","","0.9","","35","","","M","","M","","","88.10","","","","","","NA"
"2010-06-02 12:00","2010","06","02","12:00"," ","17.1","","3.1","","39","","","M","","M","","","88.05","","","","","","NA"
"2010-06-02 13:00","2010","06","02","13:00"," ","17.2","","2.6","","38","","","M","","M","","","87.97","","","","","","NA"
"2010-06-02 14:00","2010","06","02","14:00"," ","17.4","","1.9","","35","","","M","","M","","","87.93","","","","","","NA"
"2010-06-02 15:00","2010","06","02","15:00"," ","18.0","","2.0","","34","","","M","","M","","","87.89","","","","","","NA"
"2010-06-02 16:00","2010","06","02","16:00"," ","18.8","","1.7","","32","","","M","","M","","","87.83","","","","","","NA"
"2010-06-02 17:00","2010","06","02","17:00"," ","19.3","","1.0","","29","","","M","","M","","","87.79","","","","","","NA"
"2010-06-02 18:00","2010","06","02","18:00"," ","17.9","","1.9","","34","","","M","","M","","","87.72","","","","","","NA"
"2010-06-02 19:00","2010","06","02","19:00"," ","16.7","","3.2","","40","","","M","","M","","","87.71","","","","","","NA"
"2010-06-02 20:00","2010","06","02","20:00"," ","15.8","","2.7","","41","","","M","","M","","","87.67","","","","","","NA"
"2010-06-02 21:00","2010","06","02","21:00"," ","13.9","","3.1","","48","","","M","","M","","","87.62","","","","","","NA"
"2010-06-02 22:00","2010","06","02","22:00"," ","12.8","","3.3","","52","","","M","","M","","","87.60","","","","","","NA"
"2010-06-02 23:00","2010","06","02","23:00"," ","12.2","","3.8","","56","","","M","","M","","","87.55","","","","","","NA"
"2010-06-03 00:00","2010","06","03","00:00"," ","11.7","","3.8","","58","","","M","","M","","","87.50","","","","","","NA"
"2010-06-03 01:00","2010","06","03","01:00"," ","10.7","","4.8","","67","","","M","","M","","","87.46","","","","","","NA"
"2010-06-03 02:00","2010","06","03","02:00"," ","10.2","","4.7","","69","","","M","","M","","","87.45","","","","","","NA"
"2010-06-03 03:00","2010","06","03","03:00"," ","10.2","","4.3","","67","","","M","","M","","","87.41","","","","","","NA"
"2010-06-03 04:00","2010","06","03","04:00"," ","11.3","","3.4","","58","","","M","","M","","","87.38","","","","","","NA"
"2010-06-03 05:00","2010","06","03","05:00"," ","12.0","","3.6","","56","","","M","","M","","","87.37","","","","","","NA"
"2010-06-03 06:00","2010","06","03","06:00"," ","12.4","","4.1","","57","","","M","","M","","","87.41","","","","","","NA"
"2010-06-03 07:00","2010","06","03","07:00"," ","12.0","","4.8","","61","","","M","","M","","","87.45","","","","","","NA"
"2010-06-03 08:00","2010","06","03","08:00"," ","10.0","","5.6","","74","","","M","","M","","","87.54","","","","","","NA"
"2010-06-03 09:00","2010","06","03","09:00"," ","8.4","","5.3","","81","","","M","","M","","","87.64","","","","","","NA"
"2010-06-03 10:00","2010","06","03","10:00"," ","8.7","","5.6","","81","","","M","","M","","","87.69","","","","","","NA"
"2010-06-03 11:00","2010","06","03","11:00"," ","9.3","","6.0","","80","","","M","","M","","","87.76","","","","","","NA"
"2010-06-03 12:00","2010","06","03","12:00"," ","9.9","","5.1","","72","","","M","","M","","","87.80","","","","","","NA"
"2010-06-03 13:00","2010","06","03","13:00"," ","11.0","","4.2","","63","","","M","","M","","","87.84","","","","","","NA"
"2010-06-03 14:00","2010","06","03","14:00"," ","12.3","","5.2","","62","","","M","","M","","","87.84","","","","","","NA"
"2010-06-03 15:00","2010","06","03","15:00"," ","12.9","","5.1","","59","","","M","","M","","","87.89","","","","","","NA"
"2010-06-03 16:00","2010","06","03","16:00"," ","13.0","","6.1","","63","","","M","","M","","","87.88","","","","","","NA"
"2010-06-03 17:00","2010","06","03","17:00"," ","15.3","","-0.3","","34","","","M","","M","","","87.90","","","","","","NA"
"2010-06-03 18:00","2010","06","03","18:00"," ","13.5","","4.4","","54","","","M","","M","","","87.96","","","","","","NA"
"2010-06-03 19:00","2010","06","03","19:00"," ","14.8","","-2.7","","30","","","M","","M","","","87.98","","","","","","NA"
"2010-06-03 20:00","2010","06","03","20:00"," ","13.5","","-3.2","","31","","","M","","M","","","88.05","","","","","","NA"
"2010-06-03 21:00","2010","06","03","21:00"," ","11.9","","-2.4","","37","","","M","","M","","","88.14","","","","","","NA"
"2010-06-03 22:00","2010","06","03","22:00"," ","10.0","","-3.4","","39","","","M","","M","","","88.18","","","","","","NA"
"2010-06-03 23:00","2010","06","03","23:00"," ","8.6","","-3.7","","42","","","M","","M","","","88.19","","","","","","NA"
"2010-06-04 00:00","2010","06","04","00:00"," ","9.0","","-3.6","","41","","","M","","M","","","88.23","","","","","","NA"
"2010-06-04 01:00","2010","06","04","01:00"," ","8.9","","-4.1","","40","","","M","","M","","","88.23","","","","","","NA"
"2010-06-04 02:00","2010","06","04","02:00"," ","7.4","","-3.7","","45","","","M","","M","","","88.24","","","","","","NA"
"2010-06-04 03:00","2010","06","04","03:00"," ","7.8","","-4.2","","42","","","M","","M","","","88.23","","","","","","NA"
"2010-06-04 04:00","2010","06","04","04:00"," ","5.2","","-2.5","","57","","","M","","M","","","88.25","","","","","","NA"
"2010-06-04 05:00","2010","06","04","05:00"," ","2.8","","-2.3","","69","","","M","","M","","","88.26","","","","","","NA"
"2010-06-04 06:00","2010","06","04","06:00"," ","5.7","","-1.6","","59","","","M","","M","","","88.28","","","","","","NA"
"2010-06-04 07:00","2010","06","04","07:00"," ","9.0","","-1.2","","49","","","M","","M","","","88.29","","","","","","NA"
"2010-06-04 08:00","2010","06","04","08:00"," ","11.6","","-2.7","","37","","","M","","M","","","88.26","","","","","","NA"
"2010-06-04 09:00","2010","06","04","09:00"," ","12.4","","-3.5","","33","","","M","","M","","","88.25","","","","","","NA"
"2010-06-04 10:00","2010","06","04","10:00"," ","12.6","","-3.5","","32","","","M","","M","","","88.23","","","","","","NA"
"2010-06-04 11:00","2010","06","04","11:00"," ","13.0","","-2.7","","33","","","M","","M","","","88.20","","","","","","NA"
"2010-06-04 12:00","2010","06","04","12:00"," ","14.0","","-1.8","","34","","","M","","M","","","88.16","","","","","","NA"
"2010-06-04 13:00","2010","06","04","13:00"," ","13.3","","-2.2","","34","","","M","","M","","","88.15","","","","","","NA"
"2010-06-04 14:00","2010","06","04","14:00"," ","13.0","","-1.0","","38","","","M","","M","","","88.17","","","","","","NA"
"2010-06-04 15:00","2010","06","04","15:00"," ","14.6","","-1.1","","34","","","M","","M","","","88.14","","","","","","NA"
"2010-06-04 16:00","2010","06","04","16:00"," ","14.7","","-0.9","","34","","","M","","M","","","88.10","","","","","","NA"
"2010-06-04 17:00","2010","06","04","17:00"," ","15.0","","-0.1","","36","","","M","","M","","","88.09","","","","","","NA"
"2010-06-04 18:00","2010","06","04","18:00"," ","15.3","","-0.6","","34","","","M","","M","","","88.12","","","","","","NA"
"2010-06-04 19:00","2010","06","04","19:00"," ","14.4","","0.2","","38","","","M","","M","","","88.15","","","","","","NA"
"2010-06-04 20:00","2010","06","04","20:00"," ","13.9","","1.4","","43","","","M","","M","","","88.20","","","","","","NA"
"2010-06-04 21:00","2010","06","04","21:00"," ","12.9","","0.7","","43","","","M","","M","","","88.25","","","","","","NA"
"2010-06-04 22:00","2010","06","04","22:00"," ","12.1","","0.6","","45","","","M","","M","","","88.39","","","","","","NA"
"2010-06-04 23:00","2010","06","04","23:00"," ","11.2","","1.7","","52","","","M","","M","","","88.34","","","","","","NA"
"2010-06-05 00:00","2010","06","05","00:00"," ","11.3","","1.2","","50","","","M","","M","","","88.38","","","","","","NA"
"2010-06-05 01:00","2010","06","05","01:00"," ","9.8","","2.8","","62","","","M","","M","","","88.45","","","","","","NA"
"2010-06-05 02:00","2010","06","05","02:00"," ","9.7","","2.7","","62","","","M","","M","","","88.51","","","","","","NA"
"2010-06-05 03:00","2010","06","05","03:00"," ","9.8","","2.4","","60","","","M","","M","","","88.56","","","","","","NA"
"2010-06-05 04:00","2010","06","05","04:00"," ","8.7","","4.0","","72","","","M","","M","","","88.65","","","","","","NA"
"2010-06-05 05:00","2010","06","05","05:00"," ","7.0","","4.5","","84","","","M","","M","","","88.75","","","","","","NA"
"2010-06-05 06:00","2010","06","05","06:00"," ","7.4","","4.1","","80","","","M","","M","","","88.85","","","","","","NA"
"2010-06-05 07:00","2010","06","05","07:00"," ","9.3","","4.4","","71","","","M","","M","","","88.94","","","","","","NA"
"2010-06-05 08:00","2010","06","05","08:00"," ","8.2","","5.6","","84","","","M","","M","","","89.09","","","","","","NA"
"2010-06-05 09:00","2010","06","05","09:00"," ","8.8","","5.6","","80","","","M","","M","","","89.07","","","","","","NA"
"2010-06-05 10:00","2010","06","05","10:00"," ","11.6","","5.5","","66","","","M","","M","","","89.08","","","","","","NA"
"2010-06-05 11:00","2010","06","05","11:00"," ","14.1","","3.2","","48","","","M","","M","","","89.08","","","","","","NA"
"2010-06-05 12:00","2010","06","05","12:00"," ","15.2","","0.9","","38","","","M","","M","","","89.09","","","","","","NA"
"2010-06-05 13:00","2010","06","05","13:00"," ","14.3","","3.1","","47","","","M","","M","","","89.15","","","","","","NA"
"2010-06-05 14:00","2010","06","05","14:00"," ","16.6","","0.8","","34","","","M","","M","","","89.15","","","","","","NA"
"2010-06-05 15:00","2010","06","05","15:00"," ","17.2","","1.8","","35","","","M","","M","","","89.13","","","","","","NA"
"2010-06-05 16:00","2010","06","05","16:00"," ","16.4","","1.7","","37","","","M","","M","","","89.17","","","","","","NA"
"2010-06-05 17:00","2010","06","05","17:00"," ","14.0","","2.9","","47","","","M","","M","","","89.23","","","","","","NA"
"2010-06-05 18:00","2010","06","05","18:00"," ","15.1","","2.4","","42","","","M","","M","","","89.25","","","","","","NA"
"2010-06-05 19:00","2010","06","05","19:00"," ","12.3","","2.7","","52","","","M","","M","","","89.28","","","","","","NA"
"2010-06-05 20:00","2010","06","05","20:00"," ","12.4","","2.0","","49","","","M","","M","","","89.27","","","","","","NA"
"2010-06-05 21:00","2010","06","05","21:00"," ","11.2","","3.4","","59","","","M","","M","","","89.33","","","","","","NA"
"2010-06-05 22:00","2010","06","05","22:00"," ","10.3","","2.8","","60","","","M","","M","","","89.32","","","","","","NA"
"2010-06-05 23:00","2010","06","05","23:00"," ","10.3","","3.1","","61","","","M","","M","","","89.32","","","","","","NA"
"2010-06-06 00:00","2010","06","06","00:00"," ","9.3","","3.2","","66","","","M","","M","","","89.34","","","","","","NA"
"2010-06-06 01:00","2010","06","06","01:00"," ","8.1","","3.1","","71","","","M","","M","","","89.35","","","","","","NA"
"2010-06-06 02:00","2010","06","06","02:00"," ","7.6","","2.8","","72","","","M","","M","","","89.35","","","","","","NA"
"2010-06-06 03:00","2010","06","06","03:00"," ","5.4","","2.6","","82","","","M","","M","","","89.34","","","","","","NA"
"2010-06-06 04:00","2010","06","06","04:00"," ","4.8","","1.2","","77","","","M","","M","","","89.34","","","","","","NA"
"2010-06-06 05:00","2010","06","06","05:00"," ","4.8","","1.9","","81","","","M","","M","","","89.35","","","","","","NA"
"2010-06-06 06:00","2010","06","06","06:00"," ","7.8","","4.2","","78","","","M","","M","","","89.37","","","","","","NA"
"2010-06-06 07:00","2010","06","06","07:00"," ","9.9","","3.5","","64","","","M","","M","","","89.38","","","","","","NA"
"2010-06-06 08:00","2010","06","06","08:00"," ","13.8","","4.3","","53","","","M","","M","","","89.37","","","","","","NA"
"2010-06-06 09:00","2010","06","06","09:00"," ","15.2","","0.7","","37","","","M","","M","","","89.35","","","","","","NA"
"2010-06-06 10:00","2010","06","06","10:00"," ","15.9","","1.6","","38","","","M","","M","","","89.27","","","","","","NA"
"2010-06-06 11:00","2010","06","06","11:00"," ","17.4","","2.2","","36","","","M","","M","","","89.24","","","","","","NA"
"2010-06-06 12:00","2010","06","06","12:00"," ","17.0","","2.3","","37","","","M","","M","","","89.18","","","","","","NA"
"2010-06-06 13:00","2010","06","06","13:00"," ","17.7","","2.0","","35","","","M","","M","","","89.13","","","","","","NA"
"2010-06-06 14:00","2010","06","06","14:00"," ","18.6","","-0.3","","28","","","M","","M","","","89.05","","","","","","NA"
"2010-06-06 15:00","2010","06","06","15:00"," ","19.0","","1.7","","31","","","M","","M","","","88.98","","","","","","NA"
"2010-06-06 16:00","2010","06","06","16:00"," ","18.2","","2.5","","35","","","M","","M","","","88.93","","","","","","NA"
"2010-06-06 17:00","2010","06","06","17:00"," ","17.3","","1.2","","34","","","M","","M","","","88.89","","","","","","NA"
"2010-06-06 18:00","2010","06","06","18:00"," ","17.0","","2.2","","37","","","M","","M","","","88.86","","","","","","NA"
"2010-06-06 19:00","2010","06","06","19:00"," ","16.8","","0.8","","34","","","M","","M","","","88.85","","","","","","NA"
"2010-06-06 20:00","2010","06","06","20:00"," ","15.5","","1.9","","40","","","M","","M","","","88.83","","","","","","NA"
"2010-06-06 21:00","2010","06","06","21:00"," ","15.4","","0.2","","35","","","M","","M","","","88.80","","","","","","NA"
"2010-06-06 22:00","2010","06","06","22:00"," ","13.8","","4.4","","53","","","M","","M","","","88.79","","","","","","NA"
"2010-06-06 23:00","2010","06","06","23:00"," ","14.2","","3.1","","47","","","M","","M","","","88.87","","","","","","NA"
"2010-06-07 00:00","2010","06","07","00:00"," ","12.2","","5.2","","62","","","M","","M","","","88.80","","","","","","NA"
"2010-06-07 01:00","2010","06","07","01:00"," ","11.7","","4.8","","63","","","M","","M","","","88.82","","","","","","NA"
"2010-06-07 02:00","2010","06","07","02:00"," ","11.3","","4.6","","63","","","M","","M","","","88.77","","","","","","NA"
"2010-06-07 03:00","2010","06","07","03:00"," ","10.0","","6.7","","80","","","M","","M","","","88.78","","","","","","NA"
"2010-06-07 04:00","2010","06","07","04:00"," ","9.9","","6.5","","79","","","M","","M","","","88.78","","","","","","NA"
"2010-06-07 05:00","2010","06","07","05:00"," ","9.1","","7.1","","87","","","M","","M","","","88.79","","","","","","NA"
"2010-06-07 06:00","2010","06","07","06:00"," ","9.2","","7.4","","88","","","M","","M","","","88.81","","","","","","NA"
"2010-06-07 07:00","2010","06","07","07:00"," ","9.7","","7.8","","88","","","M","","M","","","88.82","","","","","","NA"
"2010-06-07 08:00","2010","06","07","08:00"," ","10.7","","7.4","","80","","","M","","M","","","88.79","","","","","","NA"
"2010-06-07 09:00","2010","06","07","09:00"," ","12.5","","6.5","","67","","","M","","M","","","88.77","","","","","","NA"
"2010-06-07 10:00","2010","06","07","10:00"," ","14.2","","6.2","","59","","","M","","M","","","88.76","","","","","","NA"
"2010-06-07 11:00","2010","06","07","11:00"," ","15.4","","6.1","","54","","","M","","M","","","88.72","","","","","","NA"
"2010-06-07 12:00","2010","06","07","12:00"," ","15.9","","6.8","","55","","","M","","M","","","88.70","","","","","","NA"
"2010-06-07 13:00","2010","06","07","13:00"," ","12.1","","4.4","","59","","","M","","M","","","88.75","","","","","","NA"
"2010-06-07 14:00","2010","06","07","14:00"," ","13.8","","6.4","","61","","","M","","M","","","88.76","","","","","","NA"
"2010-06-07 15:00","2010","06","07","15:00"," ","13.6","","6.2","","61","","","M","","M","","","88.79","","","","","","NA"
"2010-06-07 16:00","2010","06","07","16:00"," ","12.1","","4.3","","59","","","M","","M","","","88.86","","","","","","NA"
"2010-06-07 17:00","2010","06","07","17:00"," ","11.8","","4.3","","60","","","M","","M","","","88.95","","","","","","NA"
"2010-06-07 18:00","2010","06","07","18:00"," ","11.1","","3.8","","61","","","M","","M","","","88.95","","","","","","NA"
"2010-06-07 19:00","2010","06","07","19:00"," ","11.2","","3.2","","58","","","M","","M","","","88.99","","","","","","NA"
"2010-06-07 20:00","2010","06","07","20:00"," ","8.8","","3.6","","70","","","M","","M","","","89.06","","","","","","NA"
"2010-06-07 21:00","2010","06","07","21:00"," ","8.1","","4.2","","76","","","M","","M","","","89.11","","","","","","NA"
"2010-06-07 22:00","2010","06","07","22:00"," ","7.9","","3.7","","75","","","M","","M","","","89.16","","","","","","NA"
"2010-06-07 23:00","2010","06","07","23:00"," ","7.4","","4.4","","81","","","M","","M","","","89.19","","","","","","NA"
"2010-06-08 00:00","2010","06","08","00:00"," ","6.9","","5.2","","89","","","M","","M","","","89.22","","","","","","NA"
"2010-06-08 01:00","2010","06","08","01:00"," ","6.9","","5.1","","88","","","M","","M","","","89.21","","","","","","NA"
"2010-06-08 02:00","2010","06","08","02:00"," ","6.8","","5.1","","89","","","M","","M","","","89.23","","","","","","NA"
"2010-06-08 03:00","2010","06","08","03:00"," ","6.8","","4.9","","88","","","M","","M","","","89.24","","","","","","NA"
"2010-06-08 04:00","2010","06","08","04:00"," ","6.8","","5.2","","90","","","M","","M","","","89.26","","","","","","NA"
"2010-06-08 05:00","2010","06","08","05:00"," ","6.8","","5.1","","89","","","M","","M","","","89.30","","","","","","NA"
"2010-06-08 06:00","2010","06","08","06:00"," ","7.2","","5.0","","86","","","M","","M","","","89.31","","","","","","NA"
"2010-06-08 07:00","2010","06","08","07:00"," ","7.7","","5.3","","85","","","M","","M","","","89.32","","","","","","NA"
"2010-06-08 08:00","2010","06","08","08:00"," ","8.5","","5.7","","83","","","M","","M","","","89.35","","","","","","NA"
"2010-06-08 09:00","2010","06","08","09:00"," ","9.1","","6.2","","82","","","M","","M","","","89.36","","","","","","NA"
"2010-06-08 10:00","2010","06","08","10:00"," ","10.7","","6.7","","76","","","M","","M","","","89.36","","","","","","NA"
"2010-06-08 11:00","2010","06","08","11:00"," ","11.7","","5.6","","66","","","M","","M","","","89.37","","","","","","NA"
"2010-06-08 12:00","2010","06","08","12:00"," ","13.1","","5.6","","60","","","M","","M","","","89.32","","","","","","NA"
"2010-06-08 13:00","2010","06","08","13:00"," ","14.0","","5.0","","55","","","M","","M","","","89.27","","","","","","NA"
"2010-06-08 14:00","2010","06","08","14:00"," ","14.3","","4.0","","50","","","M","","M","","","89.24","","","","","","NA"
"2010-06-08 15:00","2010","06","08","15:00"," ","14.6","","4.7","","51","","","M","","M","","","89.20","","","","","","NA"
"2010-06-08 16:00","2010","06","08","16:00"," ","15.2","","4.9","","50","","","M","","M","","","89.17","","","","","","NA"
"2010-06-08 17:00","2010","06","08","17:00"," ","13.9","","5.6","","57","","","M","","M","","","89.14","","","","","","NA"
"2010-06-08 18:00","2010","06","08","18:00"," ","12.5","","6.5","","67","","","M","","M","","","89.24","","","","","","NA"
"2010-06-08 19:00","2010","06","08","19:00"," ","12.3","","6.2","","66","","","M","","M","","","89.15","","","","","","NA"
"2010-06-08 20:00","2010","06","08","20:00"," ","11.1","","5.7","","69","","","M","","M","","","89.15","","","","","","NA"
"2010-06-08 21:00","2010","06","08","21:00"," ","10.3","","6.1","","75","","","M","","M","","","89.24","","","","","","NA"
"2010-06-08 22:00","2010","06","08","22:00"," ","8.4","","5.7","","83","","","M","","M","","","89.19","","","","","","NA"
"2010-06-08 23:00","2010","06","08","23:00"," ","8.7","","6.5","","86","","","M","","M","","","89.17","","","","","","NA"
"2010-06-09 00:00","2010","06","09","00:00"," ","9.0","","6.7","","85","","","M","","M","","","89.15","","","","","","NA"
"2010-06-09 01:00","2010","06","09","01:00"," ","7.9","","6.5","","91","","","M","","M","","","89.08","","","","","","NA"
"2010-06-09 02:00","2010","06","09","02:00"," ","8.2","","6.9","","92","","","M","","M","","","89.04","","","","","","NA"
"2010-06-09 03:00","2010","06","09","03:00"," ","8.3","","7.3","","93","","","M","","M","","","89.01","","","","","","NA"
"2010-06-09 04:00","2010","06","09","04:00"," ","8.4","","7.3","","93","","","M","","M","","","88.95","","","","","","NA"
"2010-06-09 05:00","2010","06","09","05:00"," ","8.3","","7.2","","93","","","M","","M","","","88.88","","","","","","NA"
"2010-06-09 06:00","2010","06","09","06:00"," ","8.5","","7.3","","92","","","M","","M","","","88.83","","","","","","NA"
"2010-06-09 07:00","2010","06","09","07:00"," ","8.5","","7.4","","93","","","M","","M","","","88.82","","","","","","NA"
"2010-06-09 08:00","2010","06","09","08:00"," ","8.7","","7.3","","91","","","M","","M","","","88.78","","","","","","NA"
"2010-06-09 09:00","2010","06","09","09:00"," ","8.9","","7.1","","88","","","M","","M","","","88.73","","","","","","NA"
"2010-06-09 10:00","2010","06","09","10:00"," ","9.6","","7.9","","89","","","M","","M","","","88.64","","","","","","NA"
"2010-06-09 11:00","2010","06","09","11:00"," ","10.1","","8.9","","92","","","M","","M","","","88.57","","","","","","NA"
"2010-06-09 12:00","2010","06","09","12:00"," ","9.7","","8.5","","92","","","M","","M","","","88.50","","","","","","NA"
"2010-06-09 13:00","2010","06","09","13:00"," ","9.3","","8.2","","93","","","M","","M","","","88.43","","","","","","NA"
"2010-06-09 14:00","2010","06","09","14:00"," ","9.6","","8.1","","90","","","M","","M","","","88.41","","","","","","NA"
"2010-06-09 15:00","2010","06","09","15:00"," ","9.6","","8.0","","90","","","M","","M","","","88.39","","","","","","NA"
"2010-06-09 16:00","2010","06","09","16:00"," ","9.0","","7.8","","92","","","M","","M","","","88.37","","","","","","NA"
"2010-06-09 17:00","2010","06","09","17:00"," ","9.3","","8.2","","93","","","M","","M","","","88.34","","","","","","NA"
"2010-06-09 18:00","2010","06","09","18:00"," ","8.7","","7.8","","94","","","M","","M","","","88.29","","","","","","NA"
"2010-06-09 19:00","2010","06","09","19:00"," ","8.9","","8.2","","95","","","M","","M","","","88.28","","","","","","NA"
"2010-06-09 20:00","2010","06","09","20:00"," ","8.4","","7.6","","95","","","M","","M","","","88.29","","","","","","NA"
"2010-06-09 21:00","2010","06","09","21:00"," ","8.0","","7.3","","95","","","M","","M","","","88.34","","","","","","NA"
"2010-06-09 22:00","2010","06","09","22:00"," ","7.3","","6.8","","97","","","M","","M","","","88.42","","","","","","NA"
"2010-06-09 23:00","2010","06","09","23:00"," ","6.4","","5.7","","95","","","M","","M","","","88.44","","","","","","NA"
"2010-06-10 00:00","2010","06","10","00:00"," ","6.6","","5.7","","94","","","M","","M","","","88.43","","","","","","NA"
"2010-06-10 01:00","2010","06","10","01:00"," ","6.4","","5.3","","93","","","M","","M","","","88.46","","","","","","NA"
"2010-06-10 02:00","2010","06","10","02:00"," ","5.9","","4.7","","92","","","M","","M","","","88.49","","","","","","NA"
"2010-06-10 03:00","2010","06","10","03:00"," ","5.5","","4.2","","91","","","M","","M","","","88.50","","","","","","NA"
"2010-06-10 04:00","2010","06","10","04:00"," ","5.1","","3.5","","89","","","M","","M","","","88.52","","","","","","NA"
"2010-06-10 05:00","2010","06","10","05:00"," ","5.3","","4.0","","91","","","M","","M","","","88.56","","","","","","NA"
"2010-06-10 06:00","2010","06","10","06:00"," ","5.2","","3.8","","91","","","M","","M","","","88.61","","","","","","NA"
"2010-06-10 07:00","2010","06","10","07:00"," ","5.6","","4.0","","89","","","M","","M","","","88.66","","","","","","NA"
"2010-06-10 08:00","2010","06","10","08:00"," ","5.5","","3.6","","88","","","M","","M","","","88.70","","","","","","NA"
"2010-06-10 09:00","2010","06","10","09:00"," ","5.0","","3.8","","92","","","M","","M","","","88.77","","","","","","NA"
"2010-06-10 10:00","2010","06","10","10:00"," ","4.4","","2.8","","89","","","M","","M","","","88.84","","","","","","NA"
"2010-06-10 11:00","2010","06","10","11:00"," ","4.5","","3.0","","90","","","M","","M","","","88.89","","","","","","NA"
"2010-06-10 12:00","2010","06","10","12:00"," ","6.2","","4.3","","88","","","M","","M","","","88.94","","","","","","NA"
"2010-06-10 13:00","2010","06","10","13:00"," ","6.6","","4.4","","86","","","M","","M","","","88.99","","","","","","NA"
"2010-06-10 14:00","2010","06","10","14:00"," ","6.4","","4.0","","85","","","M","","M","","","89.05","","","","","","NA"
"2010-06-10 15:00","2010","06","10","15:00"," ","6.8","","4.5","","85","","","M","","M","","","89.10","","","","","","NA"
"2010-06-10 16:00","2010","06","10","16:00"," ","7.4","","4.9","","84","","","M","","M","","","89.14","","","","","","NA"
"2010-06-10 17:00","2010","06","10","17:00"," ","7.0","","4.5","","84","","","M","","M","","","89.16","","","","","","NA"
"2010-06-10 18:00","2010","06","10","18:00"," ","7.2","","4.5","","83","","","M","","M","","","89.17","","","","","","NA"
"2010-06-10 19:00","2010","06","10","19:00"," ","6.5","","4.3","","86","","","M","","M","","","89.22","","","","","","NA"
"2010-06-10 20:00","2010","06","10","20:00"," ","6.5","","4.1","","85","","","M","","M","","","89.26","","","","","","NA"
"2010-06-10 21:00","2010","06","10","21:00"," ","6.0","","3.9","","86","","","M","","M","","","89.39","","","","","","NA"
"2010-06-10 22:00","2010","06","10","22:00"," ","5.7","","4.0","","89","","","M","","M","","","89.47","","","","","","NA"
"2010-06-10 23:00","2010","06","10","23:00"," ","5.4","","4.0","","91","","","M","","M","","","89.48","","","","","","NA"
"2010-06-11 00:00","2010","06","11","00:00"," ","4.6","","3.2","","91","","","M","","M","","","89.45","","","","","","NA"
"2010-06-11 01:00","2010","06","11","01:00"," ","4.5","","3.5","","93","","","M","","M","","","89.44","","","","","","NA"
"2010-06-11 02:00","2010","06","11","02:00"," ","4.0","","3.0","","93","","","M","","M","","","89.41","","","","","","NA"
"2010-06-11 03:00","2010","06","11","03:00"," ","3.7","","2.6","","93","","","M","","M","","","89.47","","","","","","NA"
"2010-06-11 04:00","2010","06","11","04:00"," ","2.8","","2.0","","94","","","M","","M","","","89.54","","","","","","NA"
"2010-06-11 05:00","2010","06","11","05:00"," ","4.0","","3.4","","96","","","M","","M","","","89.64","","","","","","NA"
"2010-06-11 06:00","2010","06","11","06:00"," ","4.8","","3.4","","91","","","M","","M","","","89.70","","","","","","NA"
"2010-06-11 07:00","2010","06","11","07:00"," ","5.9","","3.6","","85","","","M","","M","","","89.76","","","","","","NA"
"2010-06-11 08:00","2010","06","11","08:00"," ","7.9","","2.8","","70","","","M","","M","","","89.77","","","","","","NA"
"2010-06-11 09:00","2010","06","11","09:00"," ","8.5","","2.9","","68","","","M","","M","","","89.81","","","","","","NA"
"2010-06-11 10:00","2010","06","11","10:00"," ","9.4","","3.1","","65","","","M","","M","","","89.82","","","","","","NA"
"2010-06-11 11:00","2010","06","11","11:00"," ","11.1","","3.1","","58","","","M","","M","","","89.83","","","","","","NA"
"2010-06-11 12:00","2010","06","11","12:00"," ","10.7","","3.1","","59","","","M","","M","","","89.85","","","","","","NA"
"2010-06-11 13:00","2010","06","11","13:00"," ","11.6","","2.3","","53","","","M","","M","","","89.87","","","","","","NA"
"2010-06-11 14:00","2010","06","11","14:00"," ","13.2","","3.0","","50","","","M","","M","","","89.89","","","","","","NA"
"2010-06-11 15:00","2010","06","11","15:00"," ","13.8","","1.8","","44","","","M","","M","","","89.90","","","","","","NA"
"2010-06-11 16:00","2010","06","11","16:00"," ","14.7","","2.7","","44","","","M","","M","","","89.90","","","","","","NA"
"2010-06-11 17:00","2010","06","11","17:00"," ","14.6","","1.7","","42","","","M","","M","","","89.94","","","","","","NA"
"2010-06-11 18:00","2010","06","11","18:00"," ","14.6","","1.4","","41","","","M","","M","","","89.97","","","","","","NA"
"2010-06-11 19:00","2010","06","11","19:00"," ","13.0","","2.8","","50","","","M","","M","","","90.03","","","","","","NA"
"2010-06-11 20:00","2010","06","11","20:00"," ","12.3","","3.8","","56","","","M","","M","","","90.05","","","","","","NA"
"2010-06-11 21:00","2010","06","11","21:00"," ","10.0","","3.2","","63","","","M","","M","","","90.08","","","","","","NA"
"2010-06-11 22:00","2010","06","11","22:00"," ","9.1","","3.1","","66","","","M","","M","","","90.13","","","","","","NA"
"2010-06-11 23:00","2010","06","11","23:00"," ","8.5","","3.3","","70","","","M","","M","","","90.13","","","","","","NA"
"2010-06-12 00:00","2010","06","12","00:00"," ","7.4","","3.2","","75","","","M","","M","","","90.10","","","","","","NA"
"2010-06-12 01:00","2010","06","12","01:00"," ","6.5","","3.1","","79","","","M","","M","","","90.08","","","","","","NA"
"2010-06-12 02:00","2010","06","12","02:00"," ","6.0","","2.5","","78","","","M","","M","","","90.06","","","","","","NA"
"2010-06-12 03:00","2010","06","12","03:00"," ","4.6","","2.3","","85","","","M","","M","","","90.05","","","","","","NA"
"2010-06-12 04:00","2010","06","12","04:00"," ","3.7","","1.7","","87","","","M","","M","","","90.07","","","","","","NA"
"2010-06-12 05:00","2010","06","12","05:00"," ","3.2","","1.1","","86","","","M","","M","","","90.11","","","","","","NA"
"2010-06-12 06:00","2010","06","12","06:00"," ","5.4","","3.1","","85","","","M","","M","","","90.12","","","","","","NA"
"2010-06-12 07:00","2010","06","12","07:00"," ","8.5","","3.9","","73","","","M","","M","","","90.12","","","","","","NA"
"2010-06-12 08:00","2010","06","12","08:00"," ","11.5","","4.6","","63","","","M","","M","","","90.12","","","","","","NA"
"2010-06-12 09:00","2010","06","12","09:00"," ","13.8","","3.7","","50","","","M","","M","","","90.11","","","","","","NA"
"2010-06-12 10:00","2010","06","12","10:00"," ","15.9","","4.8","","48","","","M","","M","","","90.09","","","","","","NA"
"2010-06-12 11:00","2010","06","12","11:00"," ","17.9","","5.2","","43","","","M","","M","","","90.04","","","","","","NA"
"2010-06-12 12:00","2010","06","12","12:00"," ","18.9","","4.6","","39","","","M","","M","","","90.00","","","","","","NA"
"2010-06-12 13:00","2010","06","12","13:00"," ","19.9","","1.5","","29","","","M","","M","","","89.92","","","","","","NA"
"2010-06-12 14:00","2010","06","12","14:00"," ","20.8","","2.5","","30","","","M","","M","","","89.85","","","","","","NA"
"2010-06-12 15:00","2010","06","12","15:00"," ","21.3","","2.7","","29","","","M","","M","","","89.79","","","","","","NA"
"2010-06-12 16:00","2010","06","12","16:00"," ","21.2","","1.9","","28","","","M","","M","","","89.75","","","","","","NA"
"2010-06-12 17:00","2010","06","12","17:00"," ","21.3","","1.3","","26","","","M","","M","","","89.69","","","","","","NA"
"2010-06-12 18:00","2010","06","12","18:00"," ","20.8","","0.9","","27","","","M","","M","","","89.65","","","","","","NA"
"2010-06-12 19:00","2010","06","12","19:00"," ","20.1","","0.4","","27","","","M","","M","","","89.62","","","","","","NA"
"2010-06-12 20:00","2010","06","12","20:00"," ","18.9","","-2.2","","24","","","M","","M","","","89.60","","","","","","NA"
"2010-06-12 21:00","2010","06","12","21:00"," ","17.1","","-1.1","","29","","","M","","M","","","89.59","","","","","","NA"
"2010-06-12 22:00","2010","06","12","22:00"," ","15.2","","-0.1","","35","","","M","","M","","","89.58","","","","","","NA"
"2010-06-12 23:00","2010","06","12","23:00"," ","13.7","","1.3","","43","","","M","","M","","","89.64","","","","","","NA"
"2010-06-13 00:00","2010","06","13","00:00"," ","12.1","","1.4","","48","","","M","","M","","","89.47","","","","","","NA"
"2010-06-13 01:00","2010","06","13","01:00"," ","10.3","","1.6","","55","","","M","","M","","","89.43","","","","","","NA"
"2010-06-13 02:00","2010","06","13","02:00"," ","7.5","","2.2","","69","","","M","","M","","","89.38","","","","","","NA"
"2010-06-13 03:00","2010","06","13","03:00"," ","7.5","","2.9","","73","","","M","","M","","","89.33","","","","","","NA"
"2010-06-13 04:00","2010","06","13","04:00"," ","7.9","","2.8","","70","","","M","","M","","","89.31","","","","","","NA"
"2010-06-13 05:00","2010","06","13","05:00"," ","7.0","","2.4","","72","","","M","","M","","","89.30","","","","","","NA"
"2010-06-13 06:00","2010","06","13","06:00"," ","10.4","","3.7","","63","","","M","","M","","","89.28","","","","","","NA"
"2010-06-13 07:00","2010","06","13","07:00"," ","13.3","","4.2","","54","","","M","","M","","","89.29","","","","","","NA"
"2010-06-13 08:00","2010","06","13","08:00"," ","16.8","","3.9","","42","","","M","","M","","","89.28","","","","","","NA"
"2010-06-13 09:00","2010","06","13","09:00"," ","20.7","","4.0","","33","","","M","","M","","","89.26","","","","","","NA"
"2010-06-13 10:00","2010","06","13","10:00"," ","22.5","","0.4","","23","","","M","","M","","","89.23","","","","","","NA"
"2010-06-13 11:00","2010","06","13","11:00"," ","23.3","","3.0","","26","","","M","","M","","","89.20","","","","","","NA"
"2010-06-13 12:00","2010","06","13","12:00"," ","24.0","","0.9","","22","","","M","","M","","","89.15","","","","","","NA"
"2010-06-13 13:00","2010","06","13","13:00"," ","24.5","","3.4","","25","","","M","","M","","","89.11","","","","","","NA"
"2010-06-13 14:00","2010","06","13","14:00"," ","24.9","","2.2","","23","","","M","","M","","","89.05","","","","","","NA"
"2010-06-13 15:00","2010","06","13","15:00"," ","25.2","","3.8","","25","","","M","","M","","","89.00","","","","","","NA"
"2010-06-13 16:00","2010","06","13","16:00"," ","25.4","","4.4","","26","","","M","","M","","","88.94","","","","","","NA"
"2010-06-13 17:00","2010","06","13","17:00"," ","25.3","","4.0","","25","","","M","","M","","","88.87","","","","","","NA"
"2010-06-13 18:00","2010","06","13","18:00"," ","25.2","","5.6","","28","","","M","","M","","","88.80","","25","","","","NA"
"2010-06-13 19:00","2010","06","13","19:00"," ","24.5","","4.1","","27","","","M","","M","","","88.76","","","","","","NA"
"2010-06-13 20:00","2010","06","13","20:00"," ","23.4","","4.0","","28","","","M","","M","","","88.73","","","","","","NA"
"2010-06-13 21:00","2010","06","13","21:00"," ","20.3","","4.9","","36","","","M","","M","","","88.73","","","","","","NA"
"2010-06-13 22:00","2010","06","13","22:00"," ","19.1","","3.6","","36","","","M","","M","","","88.75","","","","","","NA"
"2010-06-13 23:00","2010","06","13","23:00"," ","18.0","","3.1","","37","","","M","","M","","","88.76","","","","","","NA"
"2010-06-14 00:00","2010","06","14","00:00"," ","14.2","","4.5","","52","","","M","","M","","","88.75","","","","","","NA"
"2010-06-14 01:00","2010","06","14","01:00"," ","19.7","","2.1","","31","","","M","","M","","","88.72","","","","","","NA"
"2010-06-14 02:00","2010","06","14","02:00"," ","12.8","","9.0","","78","","","M","","M","","","88.91","","","","","","NA"
"2010-06-14 03:00","2010","06","14","03:00"," ","11.4","","8.0","","80","","","M","","M","","","89.02","","","","","","NA"
"2010-06-14 04:00","2010","06","14","04:00"," ","9.5","","5.9","","78","","","M","","M","","","89.16","","","","","","NA"
"2010-06-14 05:00","2010","06","14","05:00"," ","9.3","","5.6","","78","","","M","","M","","","89.33","","","","","","NA"
"2010-06-14 06:00","2010","06","14","06:00"," ","10.7","","5.5","","70","","","M","","M","","","89.25","","","","","","NA"
"2010-06-14 07:00","2010","06","14","07:00"," ","12.0","","5.0","","62","","","M","","M","","","89.26","","","","","","NA"
"2010-06-14 08:00","2010","06","14","08:00"," ","10.7","","4.5","","65","","","M","","M","","","89.32","","","","","","NA"
"2010-06-14 09:00","2010","06","14","09:00"," ","10.3","","3.4","","62","","","M","","M","","","89.34","","","","","","NA"
"2010-06-14 10:00","2010","06","14","10:00"," ","9.9","","3.4","","64","","","M","","M","","","89.34","","","","","","NA"
"2010-06-14 11:00","2010","06","14","11:00"," ","11.6","","3.5","","57","","","M","","M","","","89.31","","","","","","NA"
"2010-06-14 12:00","2010","06","14","12:00"," ","11.9","","3.9","","58","","","M","","M","","","89.26","","","","","","NA"
"2010-06-14 13:00","2010","06","14","13:00"," ","12.7","","4.0","","55","","","M","","M","","","89.22","","","","","","NA"
"2010-06-14 14:00","2010","06","14","14:00"," ","12.9","","3.9","","54","","","M","","M","","","89.20","","","","","","NA"
"2010-06-14 15:00","2010","06","14","15:00"," ","11.9","","3.6","","57","","","M","","M","","","89.19","","","","","","NA"
"2010-06-14 16:00","2010","06","14","16:00"," ","11.7","","4.0","","59","","","M","","M","","","89.21","","","","","","NA"
"2010-06-14 17:00","2010","06","14","17:00"," ","12.3","","4.3","","58","","","M","","M","","","89.13","","","","","","NA"
"2010-06-14 18:00","2010","06","14","18:00"," ","11.7","","3.9","","59","","","M","","M","","","89.09","","","","","","NA"
"2010-06-14 19:00","2010","06","14","19:00"," ","10.3","","5.0","","70","","","M","","M","","","89.10","","","","","","NA"
"2010-06-14 20:00","2010","06","14","20:00"," ","9.8","","4.6","","70","","","M","","M","","","89.14","","","","","","NA"
"2010-06-14 21:00","2010","06","14","21:00"," ","8.6","","4.6","","76","","","M","","M","","","89.12","","","","","","NA"
"2010-06-14 22:00","2010","06","14","22:00"," ","6.3","","3.7","","83","","","M","","M","","","89.11","","","","","","NA"
"2010-06-14 23:00","2010","06","14","23:00"," ","6.5","","4.9","","89","","","M","","M","","","89.07","","","","","","NA"
"2010-06-15 00:00","2010","06","15","00:00"," ","7.2","","5.4","","88","","","M","","M","","","89.08","","","","","","NA"
"2010-06-15 01:00","2010","06","15","01:00"," ","7.4","","5.7","","89","","","M","","M","","","89.15","","","","","","NA"
"2010-06-15 02:00","2010","06","15","02:00"," ","7.6","","6.2","","91","","","M","","M","","","89.01","","","","","","NA"
"2010-06-15 03:00","2010","06","15","03:00"," ","8.0","","6.1","","88","","","M","","M","","","88.99","","","","","","NA"
"2010-06-15 04:00","2010","06","15","04:00"," ","8.3","","6.4","","88","","","M","","M","","","89.09","","","","","","NA"
"2010-06-15 05:00","2010","06","15","05:00"," ","7.5","","6.2","","91","","","M","","M","","","89.02","","","","","","NA"
"2010-06-15 06:00","2010","06","15","06:00"," ","7.4","","6.1","","91","","","M","","M","","","89.05","","","","","","NA"
"2010-06-15 07:00","2010","06","15","07:00"," ","6.5","","5.3","","92","","","M","","M","","","89.08","","","","","","NA"
"2010-06-15 08:00","2010","06","15","08:00"," ","6.1","","4.6","","90","","","M","","M","","","89.05","","","","","","NA"
"2010-06-15 09:00","2010","06","15","09:00"," ","6.8","","4.9","","88","","","M","","M","","","89.06","","","","","","NA"
"2010-06-15 10:00","2010","06","15","10:00"," ","8.6","","5.4","","80","","","M","","M","","","89.02","","","","","","NA"
"2010-06-15 11:00","2010","06","15","11:00"," ","9.3","","4.8","","73","","","M","","M","","","89.04","","","","","","NA"
"2010-06-15 12:00","2010","06","15","12:00"," ","9.2","","5.4","","77","","","M","","M","","","89.05","","","","","","NA"
"2010-06-15 13:00","2010","06","15","13:00"," ","10.8","","5.1","","68","","","M","","M","","","89.04","","","","","","NA"
"2010-06-15 14:00","2010","06","15","14:00"," ","11.8","","4.0","","59","","","M","","M","","","89.01","","","","","","NA"
"2010-06-15 15:00","2010","06","15","15:00"," ","11.9","","5.1","","63","","","M","","M","","","89.04","","","","","","NA"
"2010-06-15 16:00","2010","06","15","16:00"," ","11.8","","5.5","","65","","","M","","M","","","89.03","","","","","","NA"
"2010-06-15 17:00","2010","06","15","17:00"," ","11.3","","4.9","","65","","","M","","M","","","89.04","","","","","","NA"
"2010-06-15 18:00","2010","06","15","18:00"," ","10.4","","5.2","","70","","","M","","M","","","89.04","","","","","","NA"
"2010-06-15 19:00","2010","06","15","19:00"," ","8.5","","5.9","","84","","","M","","M","","","89.09","","","","","","NA"
"2010-06-15 20:00","2010","06","15","20:00"," ","8.4","","6.6","","88","","","M","","M","","","89.21","","","","","","NA"
"2010-06-15 21:00","2010","06","15","21:00"," ","8.0","","6.3","","89","","","M","","M","","","89.15","","","","","","NA"
"2010-06-15 22:00","2010","06","15","22:00"," ","7.8","","6.0","","88","","","M","","M","","","89.20","","","","","","NA"
"2010-06-15 23:00","2010","06","15","23:00"," ","7.4","","5.7","","89","","","M","","M","","","89.19","","","","","","NA"
"2010-06-16 00:00","2010","06","16","00:00"," ","6.5","","5.1","","91","","","M","","M","","","89.20","","","","","","NA"
"2010-06-16 01:00","2010","06","16","01:00"," ","5.4","","4.2","","92","","","M","","M","","","89.24","","","","","","NA"
"2010-06-16 02:00","2010","06","16","02:00"," ","6.6","","5.3","","91","","","M","","M","","","89.23","","","","","","NA"
"2010-06-16 03:00","2010","06","16","03:00"," ","7.0","","5.4","","90","","","M","","M","","","89.19","","","","","","NA"
"2010-06-16 04:00","2010","06","16","04:00"," ","6.8","","5.6","","92","","","M","","M","","","89.16","","","","","","NA"
"2010-06-16 05:00","2010","06","16","05:00"," ","6.8","","5.3","","90","","","M","","M","","","89.16","","","","","","NA"
"2010-06-16 06:00","2010","06","16","06:00"," ","7.0","","5.2","","88","","","M","","M","","","89.22","","","","","","NA"
"2010-06-16 07:00","2010","06","16","07:00"," ","7.7","","5.3","","85","","","M","","M","","","89.19","","","","","","NA"
"2010-06-16 08:00","2010","06","16","08:00"," ","8.2","","5.7","","84","","","M","","M","","","89.27","","","","","","NA"
"2010-06-16 09:00","2010","06","16","09:00"," ","7.9","","5.8","","87","","","M","","M","","","89.20","","","","","","NA"
"2010-06-16 10:00","2010","06","16","10:00"," ","8.7","","6.2","","84","","","M","","M","","","89.12","","","","","","NA"
"2010-06-16 11:00","2010","06","16","11:00"," ","10.0","","6.1","","77","","","M","","M","","","89.12","","","","","","NA"
"2010-06-16 12:00","2010","06","16","12:00"," ","10.5","","5.7","","72","","","M","","M","","","89.11","","","","","","NA"
"2010-06-16 13:00","2010","06","16","13:00"," ","10.0","","7.6","","85","","","M","","M","","","89.11","","","","","","NA"
"2010-06-16 14:00","2010","06","16","14:00"," ","10.2","","7.6","","84","","","M","","M","","","89.09","","","","","","NA"
"2010-06-16 15:00","2010","06","16","15:00"," ","11.1","","6.8","","75","","","M","","M","","","89.08","","","","","","NA"
"2010-06-16 16:00","2010","06","16","16:00"," ","8.2","","7.4","","95","","","M","","M","","","89.17","","","","","","NA"
"2010-06-16 17:00","2010","06","16","17:00"," ","8.5","","7.0","","90","","","M","","M","","","89.16","","","","","","NA"
"2010-06-16 18:00","2010","06","16","18:00"," ","8.6","","7.5","","93","","","M","","M","","","89.12","","","","","","NA"
"2010-06-16 19:00","2010","06","16","19:00"," ","8.5","","7.5","","93","","","M","","M","","","89.12","","","","","","NA"
"2010-06-16 20:00","2010","06","16","20:00"," ","8.6","","7.6","","93","","","M","","M","","","89.11","","","","","","NA"
"2010-06-16 21:00","2010","06","16","21:00"," ","8.4","","7.1","","92","","","M","","M","","","89.05","","","","","","NA"
"2010-06-16 22:00","2010","06","16","22:00"," ","8.9","","6.6","","85","","","M","","M","","","89.01","","","","","","NA"
"2010-06-16 23:00","2010","06","16","23:00"," ","9.0","","5.7","","80","","","M","","M","","","88.95","","","","","","NA"
"2010-06-17 00:00","2010","06","17","00:00"," ","8.5","","5.7","","83","","","M","","M","","","88.93","","","","","","NA"
"2010-06-17 01:00","2010","06","17","01:00"," ","8.4","","5.4","","81","","","M","","M","","","88.92","","","","","","NA"
"2010-06-17 02:00","2010","06","17","02:00"," ","9.0","","5.6","","79","","","M","","M","","","88.86","","","","","","NA"
"2010-06-17 03:00","2010","06","17","03:00"," ","8.9","","5.5","","79","","","M","","M","","","88.86","","","","","","NA"
"2010-06-17 04:00","2010","06","17","04:00"," ","8.7","","5.6","","81","","","M","","M","","","88.88","","","","","","NA"
"2010-06-17 05:00","2010","06","17","05:00"," ","8.4","","5.9","","84","","","M","","M","","","88.86","","","","","","NA"
"2010-06-17 06:00","2010","06","17","06:00"," ","8.5","","5.9","","84","","","M","","M","","","88.86","","","","","","NA"
"2010-06-17 07:00","2010","06","17","07:00"," ","8.8","","5.9","","82","","","M","","M","","","88.87","","","","","","NA"
"2010-06-17 08:00","2010","06","17","08:00"," ","8.8","","6.1","","83","","","M","","M","","","88.84","","","","","","NA"
"2010-06-17 09:00","2010","06","17","09:00"," ","9.4","","5.9","","79","","","M","","M","","","88.83","","","","","","NA"
"2010-06-17 10:00","2010","06","17","10:00"," ","9.1","","6.1","","81","","","M","","M","","","88.86","","","","","","NA"
"2010-06-17 11:00","2010","06","17","11:00"," ","8.6","","6.3","","85","","","M","","M","","","88.90","","","","","","NA"
"2010-06-17 12:00","2010","06","17","12:00"," ","8.1","","6.7","","91","","","M","","M","","","88.96","","","","","","NA"
"2010-06-17 13:00","2010","06","17","13:00"," ","8.0","","6.6","","91","","","M","","M","","","88.97","","","","","","NA"
"2010-06-17 14:00","2010","06","17","14:00"," ","8.1","","6.3","","88","","","M","","M","","","88.96","","","","","","NA"
"2010-06-17 15:00","2010","06","17","15:00"," ","8.6","","6.2","","85","","","M","","M","","","88.94","","","","","","NA"
"2010-06-17 16:00","2010","06","17","16:00"," ","9.2","","6.3","","82","","","M","","M","","","88.92","","","","","","NA"
"2010-06-17 17:00","2010","06","17","17:00"," ","9.7","","6.3","","79","","","M","","M","","","88.91","","","","","","NA"
"2010-06-17 18:00","2010","06","17","18:00"," ","10.1","","6.1","","76","","","M","","M","","","88.93","","","","","","NA"
"2010-06-17 19:00","2010","06","17","19:00"," ","10.4","","5.1","","70","","","M","","M","","","88.91","","","","","","NA"
"2010-06-17 20:00","2010","06","17","20:00"," ","9.9","","3.9","","66","","","M","","M","","","88.95","","","","","","NA"
"2010-06-17 21:00","2010","06","17","21:00"," ","10.3","","2.7","","59","","","M","","M","","","88.98","","","","","","NA"
"2010-06-17 22:00","2010","06","17","22:00"," ","9.9","","4.3","","68","","","M","","M","","","88.99","","","","","","NA"
"2010-06-17 23:00","2010","06","17","23:00"," ","9.3","","4.7","","73","","","M","","M","","","88.91","","","","","","NA"
"2010-06-18 00:00","2010","06","18","00:00"," ","10.4","","3.1","","61","","","M","","M","","","88.92","","","","","","NA"
"2010-06-18 01:00","2010","06","18","01:00"," ","10.1","","3.1","","62","","","M","","M","","","88.93","","","","","","NA"
"2010-06-18 02:00","2010","06","18","02:00"," ","9.3","","3.5","","67","","","M","","M","","","88.94","","","","","","NA"
"2010-06-18 03:00","2010","06","18","03:00"," ","9.2","","3.6","","68","","","M","","M","","","88.95","","","","","","NA"
"2010-06-18 04:00","2010","06","18","04:00"," ","9.1","","3.7","","69","","","M","","M","","","88.97","","","","","","NA"
"2010-06-18 05:00","2010","06","18","05:00"," ","9.2","","4.0","","70","","","M","","M","","","89.01","","","","","","NA"
"2010-06-18 06:00","2010","06","18","06:00"," ","10.0","","4.4","","68","","","M","","M","","","89.04","","","","","","NA"
"2010-06-18 07:00","2010","06","18","07:00"," ","10.8","","5.0","","67","","","M","","M","","","89.16","","","","","","NA"
"2010-06-18 08:00","2010","06","18","08:00"," ","12.0","","5.8","","66","","","M","","M","","","89.11","","","","","","NA"
"2010-06-18 09:00","2010","06","18","09:00"," ","13.7","","5.7","","58","","","M","","M","","","89.23","","","","","","NA"
"2010-06-18 10:00","2010","06","18","10:00"," ","14.9","","6.3","","56","","","M","","M","","","89.16","","","","","","NA"
"2010-06-18 11:00","2010","06","18","11:00"," ","16.4","","4.8","","46","","","M","","M","","","89.17","","","","","","NA"
"2010-06-18 12:00","2010","06","18","12:00"
"2010-06-18 13:00","2010","06","18","13:00"
"2010-06-18 14:00","2010","06","18","14:00"
"2010-06-18 15:00","2010","06","18","15:00"," ","15.9","","6.0","","52","","","M","","M","","","89.19","","","","","","NA"
"2010-06-18 16:00","2010","06","18","16:00"," ","15.3","","6.2","","55","","","M","","M","","","89.19","","","","","","NA"
"2010-06-18 17:00","2010","06","18","17:00"," ","14.4","","5.0","","53","","","M","","M","","","89.18","","","","","","NA"
"2010-06-18 18:00","2010","06","18","18:00"," ","14.1","","3.8","","50","","","M","","M","","","89.16","","","","","","NA"
"2010-06-18 19:00","2010","06","18","19:00"," ","13.3","","5.3","","58","","","M","","M","","","89.18","","","","","","NA"
"2010-06-18 20:00","2010","06","18","20:00"," ","12.1","","5.7","","65","","","M","","M","","","89.20","","","","","","NA"
"2010-06-18 21:00","2010","06","18","21:00"," ","11.5","","5.4","","66","","","M","","M","","","89.22","","","","","","NA"
"2010-06-18 22:00","2010","06","18","22:00"," ","11.1","","4.4","","63","","","M","","M","","","89.21","","","","","","NA"
"2010-06-18 23:00","2010","06","18","23:00"," ","10.4","","5.3","","71","","","M","","M","","","89.20","","","","","","NA"
"2010-06-19 00:00","2010","06","19","00:00"," ","9.4","","6.0","","79","","","M","","M","","","89.23","","","","","","NA"
"2010-06-19 01:00","2010","06","19","01:00"," ","9.1","","6.3","","83","","","M","","M","","","89.15","","","","","","NA"
"2010-06-19 02:00","2010","06","19","02:00"," ","9.2","","6.2","","81","","","M","","M","","","89.14","","","","","","NA"
"2010-06-19 03:00","2010","06","19","03:00"," ","8.1","","5.2","","82","","","M","","M","","","89.11","","","","","","NA"
"2010-06-19 04:00","2010","06","19","04:00"," ","6.9","","5.4","","90","","","M","","M","","","89.10","","","","","","NA"
"2010-06-19 05:00","2010","06","19","05:00"," ","7.5","","5.0","","84","","","M","","M","","","89.11","","","","","","NA"
"2010-06-19 06:00","2010","06","19","06:00"," ","7.2","","5.2","","87","","","M","","M","","","89.11","","","","","","NA"
"2010-06-19 07:00","2010","06","19","07:00"," ","9.0","","5.7","","80","","","M","","M","","","89.12","","","","","","NA"
"2010-06-19 08:00","2010","06","19","08:00"," ","12.6","","6.1","","65","","","M","","M","","","89.13","","","","","","NA"
"2010-06-19 09:00","2010","06","19","09:00"," ","14.1","","4.4","","52","","","M","","M","","","89.13","","","","","","NA"
"2010-06-19 10:00","2010","06","19","10:00"," ","15.6","","6.3","","54","","","M","","M","","","89.13","","","","","","NA"
"2010-06-19 11:00","2010","06","19","11:00"," ","16.7","","7.2","","53","","","M","","M","","","89.14","","","","","","NA"
"2010-06-19 12:00","2010","06","19","12:00"," ","17.2","","8.1","","55","","","M","","M","","","89.14","","","","","","NA"
"2010-06-19 13:00","2010","06","19","13:00"," ","17.9","","5.2","","43","","","M","","M","","","89.14","","","","","","NA"
"2010-06-19 14:00","2010","06","19","14:00"," ","19.0","","5.7","","42","","","M","","M","","","89.14","","","","","","NA"
"2010-06-19 15:00","2010","06","19","15:00"," ","19.2","","4.8","","39","","","M","","M","","","89.14","","","","","","NA"
"2010-06-19 16:00","2010","06","19","16:00"," ","19.7","","5.9","","40","","","M","","M","","","89.16","","","","","","NA"
"2010-06-19 17:00","2010","06","19","17:00"," ","19.0","","6.3","","43","","","M","","M","","","89.17","","","","","","NA"
"2010-06-19 18:00","2010","06","19","18:00"," ","18.0","","8.9","","55","","","M","","M","","","89.16","","","","","","NA"
"2010-06-19 19:00","2010","06","19","19:00"," ","17.3","","7.9","","54","","","M","","M","","","89.17","","","","","","NA"
"2010-06-19 20:00","2010","06","19","20:00"," ","15.5","","8.7","","64","","","M","","M","","","89.19","","","","","","NA"
"2010-06-19 21:00","2010","06","19","21:00"," ","13.5","","8.0","","69","","","M","","M","","","89.24","","","","","","NA"
"2010-06-19 22:00","2010","06","19","22:00"," ","13.4","","7.9","","69","","","M","","M","","","89.30","","","","","","NA"
"2010-06-19 23:00","2010","06","19","23:00"," ","12.3","","7.4","","72","","","M","","M","","","89.32","","","","","","NA"
"2010-06-20 00:00","2010","06","20","00:00"," ","11.5","","7.5","","76","","","M","","M","","","89.31","","","","","","NA"
"2010-06-20 01:00","2010","06","20","01:00"," ","11.5","","8.4","","81","","","M","","M","","","89.40","","","","","","NA"
"2010-06-20 02:00","2010","06","20","02:00"," ","10.6","","8.0","","84","","","M","","M","","","89.39","","","","","","NA"
"2010-06-20 03:00","2010","06","20","03:00"," ","8.3","","5.9","","85","","","M","","M","","","89.38","","","","","","NA"
"2010-06-20 04:00","2010","06","20","04:00"," ","7.9","","6.1","","88","","","M","","M","","","89.28","","","","","","NA"
"2010-06-20 05:00","2010","06","20","05:00"," ","7.1","","5.0","","86","","","M","","M","","","89.27","","","","","","NA"
"2010-06-20 06:00","2010","06","20","06:00"," ","8.8","","6.3","","84","","","M","","M","","","89.26","","","","","","NA"
"2010-06-20 07:00","2010","06","20","07:00"," ","11.8","","6.7","","71","","","M","","M","","","89.27","","","","","","NA"
"2010-06-20 08:00","2010","06","20","08:00"," ","15.4","","8.2","","62","","","M","","M","","","89.27","","","","","","NA"
"2010-06-20 09:00","2010","06","20","09:00"," ","17.2","","5.6","","46","","","M","","M","","","89.28","","","","","","NA"
"2010-06-20 10:00","2010","06","20","10:00"," ","19.1","","7.0","","45","","","M","","M","","","89.28","","","","","","NA"
"2010-06-20 11:00","2010","06","20","11:00"," ","19.9","","7.3","","44","","","M","","M","","","89.26","","","","","","NA"
"2010-06-20 12:00","2010","06","20","12:00"," ","20.5","","5.8","","38","","","M","","M","","","89.24","","","","","","NA"
"2010-06-20 13:00","2010","06","20","13:00"," ","21.2","","6.4","","38","","","M","","M","","","89.20","","","","","","NA"
"2010-06-20 14:00","2010","06","20","14:00"," ","21.6","","6.1","","36","","","M","","M","","","89.16","","","","","","NA"
"2010-06-20 15:00","2010","06","20","15:00"," ","22.1","","5.2","","33","","","M","","M","","","89.13","","","","","","NA"
"2010-06-20 16:00","2010","06","20","16:00"," ","22.4","","4.1","","30","","","M","","M","","","89.09","","","","","","NA"
"2010-06-20 17:00","2010","06","20","17:00"," ","21.0","","5.3","","36","","","M","","M","","","89.07","","","","","","NA"
"2010-06-20 18:00","2010","06","20","18:00"," ","21.2","","5.7","","36","","","M","","M","","","89.05","","","","","","NA"
"2010-06-20 19:00","2010","06","20","19:00"," ","20.1","","6.7","","42","","","M","","M","","","89.05","","","","","","NA"
"2010-06-20 20:00","2010","06","20","20:00"," ","18.7","","4.6","","39","","","M","","M","","","89.07","","","","","","NA"
"2010-06-20 21:00","2010","06","20","21:00"," ","17.3","","7.5","","52","","","M","","M","","","89.09","","","","","","NA"
"2010-06-20 22:00","2010","06","20","22:00"," ","14.9","","7.1","","60","","","M","","M","","","89.06","","","","","","NA"
"2010-06-20 23:00","2010","06","20","23:00"," ","13.9","","7.9","","67","","","M","","M","","","89.07","","","","","","NA"
"2010-06-21 00:00","2010","06","21","00:00"," ","13.6","","8.6","","72","","","M","","M","","","89.10","","","","","","NA"
"2010-06-21 01:00","2010","06","21","01:00"," ","11.9","","8.1","","78","","","M","","M","","","89.08","","","","","","NA"
"2010-06-21 02:00","2010","06","21","02:00"," ","11.1","","8.5","","84","","","M","","M","","","89.06","","","","","","NA"
"2010-06-21 03:00","2010","06","21","03:00"," ","10.4","","8.4","","87","","","M","","M","","","89.04","","","","","","NA"
"2010-06-21 04:00","2010","06","21","04:00"," ","9.6","","7.7","","88","","","M","","M","","","88.99","","","","","","NA"
"2010-06-21 05:00","2010","06","21","05:00"," ","8.7","","6.0","","83","","","M","","M","","","89.00","","","","","","NA"
"2010-06-21 06:00","2010","06","21","06:00"," ","10.3","","7.1","","81","","","M","","M","","","88.99","","","","","","NA"
"2010-06-21 07:00","2010","06","21","07:00"," ","13.5","","8.3","","71","","","M","","M","","","88.97","","","","","","NA"
"2010-06-21 08:00","2010","06","21","08:00"," ","15.1","","7.4","","60","","","M","","M","","","88.96","","","","","","NA"
"2010-06-21 09:00","2010","06","21","09:00"," ","17.0","","9.0","","59","","","M","","M","","","88.96","","","","","","NA"
"2010-06-21 10:00","2010","06","21","10:00"," ","18.3","","8.8","","54","","","M","","M","","","88.97","","","","","","NA"
"2010-06-21 11:00","2010","06","21","11:00"," ","18.9","","8.8","","52","","","M","","M","","","88.97","","","","","","NA"
"2010-06-21 12:00","2010","06","21","12:00"," ","19.3","","7.5","","46","","","M","","M","","","88.95","","","","","","NA"
"2010-06-21 13:00","2010","06","21","13:00"," ","20.2","","7.1","","43","","","M","","M","","","88.93","","","","","","NA"
"2010-06-21 14:00","2010","06","21","14:00"," ","21.1","","7.3","","41","","","M","","M","","","88.89","","","","","","NA"
"2010-06-21 15:00","2010","06","21","15:00"," ","21.5","","5.5","","35","","","M","","M","","","88.86","","","","","","NA"
"2010-06-21 16:00","2010","06","21","16:00"," ","21.9","","4.9","","33","","","M","","M","","","88.85","","","","","","NA"
"2010-06-21 17:00","2010","06","21","17:00"," ","22.1","","3.7","","30","","","M","","M","","","88.80","","","","","","NA"
"2010-06-21 18:00","2010","06","21","18:00"," ","21.5","","6.5","","38","","","M","","M","","","88.81","","","","","","NA"
"2010-06-21 19:00","2010","06","21","19:00"," ","20.1","","8.7","","48","","","M","","M","","","88.83","","","","","","NA"
"2010-06-21 20:00","2010","06","21","20:00"," ","18.0","","8.5","","54","","","M","","M","","","88.89","","","","","","NA"
"2010-06-21 21:00","2010","06","21","21:00"," ","15.7","","9.1","","65","","","M","","M","","","88.96","","","","","","NA"
"2010-06-21 22:00","2010","06","21","22:00"," ","14.6","","8.7","","68","","","M","","M","","","89.00","","","","","","NA"
"2010-06-21 23:00","2010","06","21","23:00"," ","14.0","","7.9","","67","","","M","","M","","","89.05","","","","","","NA"
"2010-06-22 00:00","2010","06","22","00:00"," ","12.8","","7.8","","72","","","M","","M","","","89.08","","","","","","NA"
"2010-06-22 01:00","2010","06","22","01:00"," ","12.0","","7.6","","74","","","M","","M","","","89.10","","","","","","NA"
"2010-06-22 02:00","2010","06","22","02:00"," ","11.8","","7.3","","74","","","M","","M","","","89.15","","","","","","NA"
"2010-06-22 03:00","2010","06","22","03:00"," ","10.9","","7.3","","78","","","M","","M","","","89.20","","","","","","NA"
"2010-06-22 04:00","2010","06","22","04:00"," ","12.2","","9.1","","81","","","M","","M","","","89.25","","","","","","NA"
"2010-06-22 05:00","2010","06","22","05:00"," ","11.3","","8.2","","81","","","M","","M","","","89.26","","","","","","NA"
"2010-06-22 06:00","2010","06","22","06:00"," ","12.2","","10.4","","89","","","M","","M","","","89.31","","","","","","NA"
"2010-06-22 07:00","2010","06","22","07:00"," ","14.0","","10.0","","77","","","M","","M","","","89.33","","","","","","NA"
"2010-06-22 08:00","2010","06","22","08:00"," ","15.1","","9.0","","67","","","M","","M","","","89.34","","","","","","NA"
"2010-06-22 09:00","2010","06","22","09:00"," ","16.4","","10.0","","66","","","M","","M","","","89.36","","","","","","NA"
"2010-06-22 10:00","2010","06","22","10:00"," ","16.7","","10.2","","65","","","M","","M","","","89.40","","","","","","NA"
"2010-06-22 11:00","2010","06","22","11:00"," ","18.3","","9.5","","56","","","M","","M","","","89.40","","","","","","NA"
"2010-06-22 12:00","2010","06","22","12:00"," ","19.6","","10.2","","55","","","M","","M","","","89.37","","","","","","NA"
"2010-06-22 13:00","2010","06","22","13:00"," ","19.7","","9.6","","52","","","M","","M","","","89.36","","","","","","NA"
"2010-06-22 14:00","2010","06","22","14:00"," ","14.7","","9.4","","71","","","M","","M","","","89.44","","","","","","NA"
"2010-06-22 15:00","2010","06","22","15:00"," ","12.7","","10.4","","86","","","M","","M","","","89.49","","","","","","NA"
"2010-06-22 16:00","2010","06","22","16:00"," ","14.5","","11.0","","79","","","M","","M","","","89.50","","","","","","NA"
"2010-06-22 17:00","2010","06","22","17:00"," ","15.9","","10.3","","69","","","M","","M","","","89.47","","","","","","NA"
"2010-06-22 18:00","2010","06","22","18:00"," ","17.1","","9.0","","59","","","M","","M","","","89.50","","","","","","NA"
"2010-06-22 19:00","2010","06","22","19:00"," ","16.0","","10.8","","71","","","M","","M","","","89.52","","","","","","NA"
"2010-06-22 20:00","2010","06","22","20:00"," ","15.4","","11.2","","76","","","M","","M","","","89.52","","","","","","NA"
"2010-06-22 21:00","2010","06","22","21:00"," ","13.7","","11.1","","84","","","M","","M","","","89.54","","","","","","NA"
"2010-06-22 22:00","2010","06","22","22:00"," ","12.6","","11.1","","91","","","M","","M","","","89.61","","","","","","NA"
"2010-06-22 23:00","2010","06","22","23:00"," ","13.3","","11.3","","88","","","M","","M","","","89.61","","","","","","NA"
"2010-06-23 00:00","2010","06","23","00:00"," ","11.2","","9.2","","87","","","M","","M","","","89.56","","","","","","NA"
"2010-06-23 01:00","2010","06","23","01:00"," ","10.9","","9.8","","93","","","M","","M","","","89.54","","","","","","NA"
"2010-06-23 02:00","2010","06","23","02:00"," ","10.5","","9.2","","92","","","M","","M","","","89.55","","","","","","NA"
"2010-06-23 03:00","2010","06","23","03:00"," ","10.5","","9.5","","94","","","M","","M","","","89.55","","","","","","NA"
"2010-06-23 04:00","2010","06","23","04:00"," ","9.7","","8.7","","93","","","M","","M","","","89.56","","","","","","NA"
"2010-06-23 05:00","2010","06","23","05:00"," ","9.2","","8.1","","93","","","M","","M","","","89.58","","","","","","NA"
"2010-06-23 06:00","2010","06","23","06:00"," ","11.6","","9.2","","85","","","M","","M","","","89.58","","","","","","NA"
"2010-06-23 07:00","2010","06","23","07:00"," ","13.1","","10.0","","81","","","M","","M","","","89.59","","","","","","NA"
"2010-06-23 08:00","2010","06","23","08:00"," ","15.6","","11.1","","75","","","M","","M","","","89.56","","","","","","NA"
"2010-06-23 09:00","2010","06","23","09:00"," ","17.7","","10.2","","61","","","M","","M","","","89.56","","","","","","NA"
"2010-06-23 10:00","2010","06","23","10:00"," ","19.0","","11.9","","63","","","M","","M","","","89.52","","","","","","NA"
"2010-06-23 11:00","2010","06","23","11:00"," ","20.1","","11.1","","56","","","M","","M","","","89.49","","","","","","NA"
"2010-06-23 12:00","2010","06","23","12:00"," ","20.5","","12.0","","58","","","M","","M","","","89.47","","","","","","NA"
"2010-06-23 13:00","2010","06","23","13:00"," ","20.8","","10.9","","53","","","M","","M","","","89.42","","","","","","NA"
"2010-06-23 14:00","2010","06","23","14:00"," ","20.8","","10.1","","50","","","M","","M","","","89.36","","","","","","NA"
"2010-06-23 15:00","2010","06","23","15:00"," ","20.1","","9.8","","51","","","M","","M","","","89.32","","","","","","NA"
"2010-06-23 16:00","2010","06","23","16:00"," ","20.7","","12.1","","58","","","M","","M","","","89.25","","","","","","NA"
"2010-06-23 17:00","2010","06","23","17:00"," ","21.1","","12.3","","57","","","M","","M","","","89.19","","","","","","NA"
"2010-06-23 18:00","2010","06","23","18:00"," ","19.9","","9.5","","51","","","M","","M","","","89.13","","","","","","NA"
"2010-06-23 19:00","2010","06","23","19:00"," ","16.6","","9.5","","63","","","M","","M","","","89.20","","","","","","NA"
"2010-06-23 20:00","2010","06","23","20:00"," ","15.6","","7.6","","59","","","M","","M","","","89.10","","","","","","NA"
"2010-06-23 21:00","2010","06","23","21:00"," ","14.1","","9.4","","73","","","M","","M","","","89.12","","","","","","NA"
"2010-06-23 22:00","2010","06","23","22:00"," ","12.7","","8.6","","76","","","M","","M","","","89.18","","","","","","NA"
"2010-06-23 23:00","2010","06","23","23:00"," ","11.7","","8.9","","83","","","M","","M","","","89.15","","","","","","NA"
"2010-06-24 00:00","2010","06","24","00:00"," ","11.0","","8.0","","82","","","M","","M","","","89.14","","","","","","NA"
"2010-06-24 01:00","2010","06","24","01:00"," ","11.2","","8.2","","82","","","M","","M","","","89.11","","","","","","NA"
"2010-06-24 02:00","2010","06","24","02:00"," ","10.8","","8.9","","88","","","M","","M","","","89.05","","","","","","NA"
"2010-06-24 03:00","2010","06","24","03:00"," ","10.9","","8.2","","83","","","M","","M","","","89.01","","","","","","NA"
"2010-06-24 04:00","2010","06","24","04:00"," ","10.0","","7.9","","87","","","M","","M","","","89.00","","","","","","NA"
"2010-06-24 05:00","2010","06","24","05:00"," ","10.1","","7.8","","86","","","M","","M","","","88.98","","","","","","NA"
"2010-06-24 06:00","2010","06","24","06:00"," ","12.0","","9.1","","82","","","M","","M","","","88.96","","","","","","NA"
"2010-06-24 07:00","2010","06","24","07:00"," ","15.1","","9.3","","68","","","M","","M","","","88.94","","","","","","NA"
"2010-06-24 08:00","2010","06","24","08:00"," ","16.4","","8.3","","59","","","M","","M","","","88.92","","","","","","NA"
"2010-06-24 09:00","2010","06","24","09:00"," ","19.5","","7.3","","45","","","M","","M","","","88.90","","","","","","NA"
"2010-06-24 10:00","2010","06","24","10:00"," ","20.3","","7.3","","43","","","M","","M","","","88.88","","","","","","NA"
"2010-06-24 11:00","2010","06","24","11:00"," ","21.2","","6.3","","38","","","M","","M","","","88.85","","","","","","NA"
"2010-06-24 12:00","2010","06","24","12:00"," ","22.2","","5.7","","34","","","M","","M","","","88.79","","","","","","NA"
"2010-06-24 13:00","2010","06","24","13:00"," ","22.1","","5.9","","35","","","M","","M","","","88.75","","","","","","NA"
"2010-06-24 14:00","2010","06","24","14:00"," ","22.3","","5.6","","34","","","M","","M","","","88.71","","","","","","NA"
"2010-06-24 15:00","2010","06","24","15:00"," ","23.3","","7.6","","36","","","M","","M","","","88.65","","","","","","NA"
"2010-06-24 16:00","2010","06","24","16:00"," ","23.9","","6.3","","32","","","M","","M","","","88.57","","","","","","NA"
"2010-06-24 17:00","2010","06","24","17:00"," ","22.1","","7.8","","40","","","M","","M","","","88.52","","","","","","NA"
"2010-06-24 18:00","2010","06","24","18:00"," ","22.5","","8.0","","39","","","M","","M","","","88.51","","","","","","NA"
"2010-06-24 19:00","2010","06","24","19:00"," ","19.8","","6.4","","42","","","M","","M","","","88.57","","","","","","NA"
"2010-06-24 20:00","2010","06","24","20:00"," ","17.7","","6.3","","47","","","M","","M","","","88.56","","","","","","NA"
"2010-06-24 21:00","2010","06","24","21:00"," ","17.7","","5.8","","46","","","M","","M","","","88.57","","","","","","NA"
"2010-06-24 22:00","2010","06","24","22:00"," ","17.4","","3.6","","40","","","M","","M","","","88.60","","","","","","NA"
"2010-06-24 23:00","2010","06","24","23:00"," ","16.3","","3.7","","43","","","M","","M","","","88.63","","","","","","NA"
"2010-06-25 00:00","2010","06","25","00:00"," ","12.7","","6.0","","64","","","M","","M","","","88.65","","","","","","NA"
"2010-06-25 01:00","2010","06","25","01:00"," ","12.8","","5.3","","60","","","M","","M","","","88.64","","","","","","NA"
"2010-06-25 02:00","2010","06","25","02:00"," ","12.7","","4.8","","59","","","M","","M","","","88.66","","","","","","NA"
"2010-06-25 03:00","2010","06","25","03:00"," ","11.8","","4.8","","62","","","M","","M","","","88.65","","","","","","NA"
"2010-06-25 04:00","2010","06","25","04:00"," ","10.1","","4.7","","69","","","M","","M","","","88.67","","","","","","NA"
"2010-06-25 05:00","2010","06","25","05:00"," ","9.6","","4.1","","69","","","M","","M","","","88.67","","","","","","NA"
"2010-06-25 06:00","2010","06","25","06:00"," ","12.2","","7.3","","72","","","M","","M","","","88.68","","","","","","NA"
"2010-06-25 07:00","2010","06","25","07:00"," ","14.6","","7.0","","60","","","M","","M","","","88.69","","","","","","NA"
"2010-06-25 08:00","2010","06","25","08:00"," ","16.9","","7.0","","52","","","M","","M","","","88.69","","","","","","NA"
"2010-06-25 09:00","2010","06","25","09:00"," ","18.2","","5.2","","42","","","M","","M","","","88.69","","","","","","NA"
"2010-06-25 10:00","2010","06","25","10:00"," ","19.0","","5.9","","42","","","M","","M","","","88.67","","","","","","NA"
"2010-06-25 11:00","2010","06","25","11:00"," ","19.7","","6.2","","41","","","M","","M","","","88.64","","","","","","NA"
"2010-06-25 12:00","2010","06","25","12:00"," ","20.4","","8.7","","47","","","M","","M","","","88.62","","","","","","NA"
"2010-06-25 13:00","2010","06","25","13:00"," ","21.4","","6.9","","39","","","M","","M","","","88.58","","","","","","NA"
"2010-06-25 14:00","2010","06","25","14:00"," ","20.9","","5.1","","36","","","M","","M","","","88.51","","","","","","NA"
"2010-06-25 15:00","2010","06","25","15:00"," ","21.2","","8.0","","43","","","M","","M","","","88.46","","","","","","NA"
"2010-06-25 16:00","2010","06","25","16:00"," ","18.5","","8.1","","51","","","M","","M","","","88.45","","","","","","NA"
"2010-06-25 17:00","2010","06","25","17:00"," ","21.2","","5.5","","36","","","M","","M","","","88.40","","","","","","NA"
"2010-06-25 18:00","2010","06","25","18:00"," ","21.2","","4.2","","33","","","M","","M","","","88.34","","","","","","NA"
"2010-06-25 19:00","2010","06","25","19:00"," ","20.9","","1.1","","27","","","M","","M","","","88.37","","","","","","NA"
"2010-06-25 20:00","2010","06","25","20:00"," ","19.6","","0.9","","29","","","M","","M","","","88.42","","","","","","NA"
"2010-06-25 21:00","2010","06","25","21:00"," ","14.3","","7.6","","64","","","M","","M","","","88.61","","","","","","NA"
"2010-06-25 22:00","2010","06","25","22:00"," ","12.2","","7.4","","72","","","M","","M","","","88.66","","","","","","NA"
"2010-06-25 23:00","2010","06","25","23:00"," ","10.4","","7.3","","81","","","M","","M","","","88.70","","","","","","NA"
"2010-06-26 00:00","2010","06","26","00:00"," ","9.8","","6.9","","82","","","M","","M","","","88.73","","","","","","NA"
"2010-06-26 01:00","2010","06","26","01:00"," ","10.1","","6.8","","80","","","M","","M","","","88.78","","","","","","NA"
"2010-06-26 02:00","2010","06","26","02:00"," ","9.8","","6.8","","82","","","M","","M","","","88.78","","","","","","NA"
"2010-06-26 03:00","2010","06","26","03:00"," ","9.1","","6.3","","83","","","M","","M","","","88.80","","","","","","NA"
"2010-06-26 04:00","2010","06","26","04:00"," ","9.1","","6.2","","82","","","M","","M","","","88.77","","","","","","NA"
"2010-06-26 05:00","2010","06","26","05:00"," ","10.3","","6.3","","76","","","M","","M","","","88.78","","","","","","NA"
"2010-06-26 06:00","2010","06","26","06:00"," ","10.8","","6.0","","72","","","M","","M","","","88.78","","","","","","NA"
"2010-06-26 07:00","2010","06","26","07:00"," ","13.5","","4.7","","55","","","M","","M","","","88.79","","","","","","NA"
"2010-06-26 08:00","2010","06","26","08:00"," ","17.2","","3.8","","41","","","M","","M","","","88.81","","","","","","NA"
"2010-06-26 09:00","2010","06","26","09:00"," ","18.3","","3.1","","36","","","M","","M","","","88.80","","","","","","NA"
"2010-06-26 10:00","2010","06","26","10:00"," ","17.6","","4.3","","41","","","M","","M","","","88.81","","","","","","NA"
"2010-06-26 11:00","2010","06","26","11:00"," ","18.7","","5.6","","42","","","M","","M","","","88.78","","","","","","NA"
"2010-06-26 12:00","2010","06","26","12:00"," ","19.1","","6.3","","43","","","M","","M","","","88.77","","","","","","NA"
"2010-06-26 13:00","2010","06","26","13:00"," ","19.9","","5.5","","39","","","M","","M","","","88.76","","","","","","NA"
"2010-06-26 14:00","2010","06","26","14:00"," ","20.2","","5.5","","38","","","M","","M","","","88.74","","","","","","NA"
"2010-06-26 15:00","2010","06","26","15:00"," ","20.6","","4.5","","35","","","M","","M","","","88.75","","","","","","NA"
"2010-06-26 16:00","2010","06","26","16:00"," ","20.8","","5.8","","38","","","M","","M","","","88.70","","","","","","NA"
"2010-06-26 17:00","2010","06","26","17:00"," ","21.1","","7.0","","40","","","M","","M","","","88.67","","","","","","NA"
"2010-06-26 18:00","2010","06","26","18:00"," ","21.0","","6.9","","40","","","M","","M","","","88.63","","","","","","NA"
"2010-06-26 19:00","2010","06","26","19:00"," ","20.1","","7.0","","43","","","M","","M","","","88.63","","","","","","NA"
"2010-06-26 20:00","2010","06","26","20:00"," ","18.5","","7.9","","50","","","M","","M","","","88.67","","","","","","NA"
"2010-06-26 21:00","2010","06","26","21:00"," ","17.3","","6.7","","50","","","M","","M","","","88.73","","","","","","NA"
"2010-06-26 22:00","2010","06","26","22:00"," ","15.6","","6.2","","54","","","M","","M","","","88.79","","","","","","NA"
"2010-06-26 23:00","2010","06","26","23:00"," ","12.3","","4.3","","58","","","M","","M","","","88.82","","","","","","NA"
"2010-06-27 00:00","2010","06","27","00:00"," ","11.1","","3.6","","60","","","M","","M","","","88.84","","","","","","NA"
"2010-06-27 01:00","2010","06","27","01:00"," ","9.5","","3.7","","67","","","M","","M","","","88.88","","","","","","NA"
"2010-06-27 02:00","2010","06","27","02:00"," ","10.0","","2.8","","61","","","M","","M","","","89.00","","","","","","NA"
"2010-06-27 03:00","2010","06","27","03:00"," ","10.1","","2.5","","59","","","M","","M","","","88.91","","","","","","NA"
"2010-06-27 04:00","2010","06","27","04:00"," ","9.3","","3.0","","65","","","M","","M","","","89.00","","","","","","NA"
"2010-06-27 05:00","2010","06","27","05:00"," ","9.3","","2.5","","62","","","M","","M","","","88.93","","","","","","NA"
"2010-06-27 06:00","2010","06","27","06:00"," ","10.7","","5.3","","69","","","M","","M","","","88.94","","","","","","NA"
"2010-06-27 07:00","2010","06","27","07:00"," ","15.1","","5.7","","53","","","M","","M","","","88.95","","","","","","NA"
"2010-06-27 08:00","2010","06","27","08:00"," ","17.6","","7.5","","52","","","M","","M","","","88.95","","","","","","NA"
"2010-06-27 09:00","2010","06","27","09:00"," ","20.1","","2.0","","30","","","M","","M","","","88.93","","","","","","NA"
"2010-06-27 10:00","2010","06","27","10:00"," ","21.1","","2.5","","29","","","M","","M","","","88.91","","","","","","NA"
"2010-06-27 11:00","2010","06","27","11:00"," ","22.1","","1.3","","25","","","M","","M","","","88.88","","","","","","NA"
"2010-06-27 12:00","2010","06","27","12:00"," ","22.7","","5.2","","32","","","M","","M","","","88.84","","","","","","NA"
"2010-06-27 13:00","2010","06","27","13:00"," ","22.9","","3.2","","28","","","M","","M","","","88.82","","","","","","NA"
"2010-06-27 14:00","2010","06","27","14:00"," ","23.3","","6.0","","33","","","M","","M","","","88.78","","","","","","NA"
"2010-06-27 15:00","2010","06","27","15:00"," ","24.1","","6.6","","32","","","M","","M","","","88.72","","","","","","NA"
"2010-06-27 16:00","2010","06","27","16:00"," ","22.8","","6.3","","34","","","M","","M","","","88.68","","","","","","NA"
"2010-06-27 17:00","2010","06","27","17:00"," ","22.9","","6.1","","34","","","M","","M","","","88.63","","","","","","NA"
"2010-06-27 18:00","2010","06","27","18:00"," ","23.0","","5.3","","32","","","M","","M","","","88.59","","","","","","NA"
"2010-06-27 19:00","2010","06","27","19:00"," ","23.4","","6.2","","33","","","M","","M","","","88.54","","","","","","NA"
"2010-06-27 20:00","2010","06","27","20:00"," ","20.6","","7.4","","42","","","M","","M","","","88.55","","","","","","NA"
"2010-06-27 21:00","2010","06","27","21:00"," ","18.6","","8.9","","53","","","M","","M","","","88.59","","","","","","NA"
"2010-06-27 22:00","2010","06","27","22:00"," ","17.8","","8.7","","55","","","M","","M","","","88.62","","","","","","NA"
"2010-06-27 23:00","2010","06","27","23:00"," ","17.4","","7.7","","53","","","M","","M","","","88.64","","","","","","NA"
"2010-06-28 00:00","2010","06","28","00:00"," ","17.9","","4.9","","42","","","M","","M","","","88.68","","","","","","NA"
"2010-06-28 01:00","2010","06","28","01:00"," ","16.4","","5.3","","48","","","M","","M","","","88.68","","","","","","NA"
"2010-06-28 02:00","2010","06","28","02:00"," ","14.8","","5.1","","52","","","M","","M","","","88.68","","","","","","NA"
"2010-06-28 03:00","2010","06","28","03:00"," ","17.2","","5.1","","45","","","M","","M","","","88.68","","","","","","NA"
"2010-06-28 04:00","2010","06","28","04:00"," ","17.1","","4.9","","44","","","M","","M","","","88.73","","","","","","NA"
"2010-06-28 05:00","2010","06","28","05:00"," ","17.1","","4.6","","44","","","M","","M","","","88.75","","","","","","NA"
"2010-06-28 06:00","2010","06","28","06:00"," ","15.1","","6.3","","56","","","M","","M","","","88.79","","","","","","NA"
"2010-06-28 07:00","2010","06","28","07:00"," ","17.1","","7.6","","54","","","M","","M","","","88.81","","","","","","NA"
"2010-06-28 08:00","2010","06","28","08:00"," ","16.9","","8.2","","56","","","M","","M","","","88.82","","","","","","NA"
"2010-06-28 09:00","2010","06","28","09:00"," ","16.7","","7.7","","55","","","M","","M","","","88.85","","","","","","NA"
"2010-06-28 10:00","2010","06","28","10:00"," ","20.0","","9.3","","50","","","M","","M","","","88.85","","","","","","NA"
"2010-06-28 11:00","2010","06","28","11:00"," ","20.4","","6.6","","41","","","M","","M","","","88.83","","","","","","NA"
"2010-06-28 12:00","2010","06","28","12:00"," ","22.7","","9.2","","42","","","M","","M","","","88.80","","","","","","NA"
"2010-06-28 13:00","2010","06","28","13:00"," ","24.2","","7.5","","34","","","M","","M","","","88.79","","","","","","NA"
"2010-06-28 14:00","2010","06","28","14:00"," ","23.4","","5.4","","31","","","M","","M","","","88.78","","","","","","NA"
"2010-06-28 15:00","2010","06","28","15:00"," ","24.5","","6.9","","32","","","M","","M","","","88.74","","","","","","NA"
"2010-06-28 16:00","2010","06","28","16:00"," ","24.0","","7.9","","36","","","M","","M","","","88.69","","","","","","NA"
"2010-06-28 17:00","2010","06","28","17:00"," ","24.8","","8.2","","35","","","M","","M","","","88.63","","25","","","","NA"
"2010-06-28 18:00","2010","06","28","18:00"," ","25.0","","7.2","","32","","","M","","M","","","88.58","","25","","","","NA"
"2010-06-28 19:00","2010","06","28","19:00"," ","24.2","","7.5","","34","","","M","","M","","","88.55","","","","","","NA"
"2010-06-28 20:00","2010","06","28","20:00"," ","24.0","","5.9","","31","","","M","","M","","","88.55","","","","","","NA"
"2010-06-28 21:00","2010","06","28","21:00"," ","20.9","","9.9","","49","","","M","","M","","","88.56","","","","","","NA"
"2010-06-28 22:00","2010","06","28","22:00"," ","19.6","","8.7","","49","","","M","","M","","","88.58","","","","","","NA"
"2010-06-28 23:00","2010","06","28","23:00"," ","15.0","","9.9","","72","","","M","","M","","","88.58","","","","","","NA"
"2010-06-29 00:00","2010","06","29","00:00"," ","14.3","","9.1","","71","","","M","","M","","","88.59","","","","","","NA"
"2010-06-29 01:00","2010","06","29","01:00"," ","13.9","","8.6","","70","","","M","","M","","","88.60","","","","","","NA"
"2010-06-29 02:00","2010","06","29","02:00"," ","13.7","","8.7","","72","","","M","","M","","","88.63","","","","","","NA"
"2010-06-29 03:00","2010","06","29","03:00"," ","12.5","","7.1","","70","","","M","","M","","","88.62","","","","","","NA"
"2010-06-29 04:00","2010","06","29","04:00"," ","11.6","","6.3","","70","","","M","","M","","","88.63","","","","","","NA"
"2010-06-29 05:00","2010","06","29","05:00"," ","11.2","","6.2","","71","","","M","","M","","","88.73","","","","","","NA"
"2010-06-29 06:00","2010","06","29","06:00"," ","13.5","","7.0","","65","","","M","","M","","","88.73","","","","","","NA"
"2010-06-29 07:00","2010","06","29","07:00"," ","12.7","","6.8","","67","","","M","","M","","","88.67","","","","","","NA"
"2010-06-29 08:00","2010","06","29","08:00"," ","17.4","","8.6","","56","","","M","","M","","","88.75","","","","","","NA"
"2010-06-29 09:00","2010","06","29","09:00"," ","17.7","","9.8","","60","","","M","","M","","","88.67","","","","","","NA"
"2010-06-29 10:00","2010","06","29","10:00"," ","20.3","","10.4","","53","","","M","","M","","","88.64","","","","","","NA"
"2010-06-29 11:00","2010","06","29","11:00"," ","21.7","","10.8","","50","","","M","","M","","","88.62","","","","","","NA"
"2010-06-29 12:00","2010","06","29","12:00"," ","23.4","","10.8","","45","","","M","","M","","","88.56","","25","","","","NA"
"2010-06-29 13:00","2010","06","29","13:00"," ","24.3","","10.6","","42","","","M","","M","","","88.51","","26","","","","NA"
"2010-06-29 14:00","2010","06","29","14:00"," ","25.4","","11.0","","40","","","M","","M","","","88.44","","27","","","","NA"
"2010-06-29 15:00","2010","06","29","15:00"," ","26.4","","9.2","","34","","","M","","M","","","88.37","","27","","","","NA"
"2010-06-29 16:00","2010","06","29","16:00"," ","26.2","","9.4","","35","","","M","","M","","","88.27","","27","","","","NA"
"2010-06-29 17:00","2010","06","29","17:00"," ","26.2","","11.6","","40","","","M","","M","","","88.20","","28","","","","NA"
"2010-06-29 18:00","2010","06","29","18:00"," ","25.6","","12.4","","44","","","M","","M","","","88.18","","28","","","","NA"
"2010-06-29 19:00","2010","06","29","19:00"," ","22.6","","12.3","","52","","","M","","M","","","88.17","","25","","","","NA"
"2010-06-29 20:00","2010","06","29","20:00"," ","21.9","","12.3","","54","","","M","","M","","","88.15","","","","","","NA"
"2010-06-29 21:00","2010","06","29","21:00"," ","20.8","","12.7","","60","","","M","","M","","","88.17","","","","","","NA"
"2010-06-29 22:00","2010","06","29","22:00"," ","18.4","","13.3","","72","","","M","","M","","","88.21","","","","","","NA"
"2010-06-29 23:00","2010","06","29","23:00"," ","15.3","","9.8","","70","","","M","","M","","","88.26","","","","","","NA"
"2010-06-30 00:00","2010","06","30","00:00"," ","14.3","","10.2","","76","","","M","","M","","","88.32","","","","","","NA"
"2010-06-30 01:00","2010","06","30","01:00"," ","13.8","","8.6","","71","","","M","","M","","","88.32","","","","","","NA"
"2010-06-30 02:00","2010","06","30","02:00"," ","12.7","","6.3","","65","","","M","","M","","","88.33","","","","","","NA"
"2010-06-30 03:00","2010","06","30","03:00"," ","12.1","","5.5","","64","","","M","","M","","","88.37","","","","","","NA"
"2010-06-30 04:00","2010","06","30","04:00"," ","10.9","","7.3","","78","","","M","","M","","","88.35","","","","","","NA"
"2010-06-30 05:00","2010","06","30","05:00"," ","11.7","","7.5","","75","","","M","","M","","","88.35","","","","","","NA"
"2010-06-30 06:00","2010","06","30","06:00"," ","13.5","","6.9","","64","","","M","","M","","","88.38","","","","","","NA"
"2010-06-30 07:00","2010","06","30","07:00"," ","14.7","","5.8","","55","","","M","","M","","","88.40","","","","","","NA"
"2010-06-30 08:00","2010","06","30","08:00"," ","17.5","","1.5","","34","","","M","","M","","","88.38","","","","","","NA"
"2010-06-30 09:00","2010","06","30","09:00"," ","19.6","","0.8","","28","","","M","","M","","","88.39","","","","","","NA"
"2010-06-30 10:00","2010","06","30","10:00"," ","20.5","","0.1","","26","","","M","","M","","","88.36","","","","","","NA"
"2010-06-30 11:00","2010","06","30","11:00"," ","20.8","","-2.1","","21","","","M","","M","","","88.35","","","","","","NA"
"2010-06-30 12:00","2010","06","30","12:00"," ","21.4","","-2.0","","21","","","M","","M","","","88.32","","","","","","NA"
"2010-06-30 13:00","2010","06","30","13:00"," ","22.7","","-4.5","","16","","","M","","M","","","88.31","","","","","","NA"
"2010-06-30 14:00","2010","06","30","14:00"," ","23.1","","-2.0","","19","","","M","","M","","","88.38","","","","","","NA"
"2010-06-30 15:00","2010","06","30","15:00"," ","23.0","","-3.6","","17","","","M","","M","","","88.46","","","","","","NA"
"2010-06-30 16:00","2010","06","30","16:00"," ","22.4","","-4.1","","17","","","M","","M","","","88.53","","","","","","NA"
"2010-06-30 17:00","2010","06","30","17:00"," ","21.5","","-5.8","","15","","","M","","M","","","88.57","","","","","","NA"
"2010-06-30 18:00","2010","06","30","18:00"," ","17.5","","2.5","","37","","","M","","M","","","88.67","","","","","","NA"
"2010-06-30 19:00","2010","06","30","19:00"," ","16.3","","-0.5","","32","","","M","","M","","","88.77","","","","","","NA"
"2010-06-30 20:00","2010","06","30","20:00"," ","13.8","","-2.0","","33","","","M","","M","","","88.88","","","","","","NA"
"2010-06-30 21:00","2010","06","30","21:00"," ","11.2","","2.6","","55","","","M","","M","","","88.99","","","","","","NA"
"2010-06-30 22:00","2010","06","30","22:00"," ","7.9","","4.2","","77","","","M","","M","","","89.07","","","","","","NA"
"2010-06-30 23:00","2010","06","30","23:00"," ","8.2","","4.4","","77","","","M","","M","","","89.14","","","","","","NA"
